:020000040800F2
:100000000050002071690008895A00088D5A0008C4
:10001000915A0008955A0008995A000800000000FB
:100020000000000000000000000000009D5A0008D1
:10003000A15A000800000000A55A0008A95A0008AB
:10004000B9690008B9690008B9690008B969000808
:10005000B9690008B9690008B9690008B9690008F8
:10006000B9690008B9690008B9690008B9690008E8
:10007000B9690008B9690008B9690008B9690008D8
:10008000B9690008B9690008B9690008B9690008C8
:10009000B9690008B9690008B9690008B9690008B8
:1000A000B9690008B9690008B9690008B9690008A8
:1000B000B9690008B9690008C95A0008B969000897
:1000C000B9690008B9690008B9690008B969000888
:1000D000B9690008B9690008B9690008B969000878
:1000E000B9690008B9690008B96900080000000092
:1000F0000000000000000000000000000000000000
:0C01000000000000000000005FF808F1A3
:10010C0010B5054C237833B9044B13B10448AFF345
:10011C0000800123237010BD680000200000000047
:10012C0078A4000808B5034B1BB103490348AFF38F
:10013C00008008BD000000006C00002078A40008BE
:10014C00034613F8012B002AFBD1181A013870470B
:10015C0080F0004002E000BF81F0004142001FBF70
:10016C005FEA410392EA030F7FEA226C7FEA236C79
:10017C006AD04FEA1262D2EB1363C1BFD21841406E
:10018C0048404140B8BF5B42192B88BF704710F004
:10019C00004F40F4000020F07F4018BF404211F0A7
:1001AC00004F41F4000121F07F4118BF494292EA0F
:1001BC00030F3FD0A2F1010241FA03FC10EB0C003B
:1001CC00C3F1200301FA03F100F0004302D54942C8
:1001DC0060EB4000B0F5000F13D3B0F1807F06D375
:1001EC0040084FEA310102F10102FE2A51D2B1F16D
:1001FC00004F40EBC25008BF20F0010040EA030062
:10020C007047490040EB0000013A28BFB0F5000FE1
:10021C00EDD2B0FA80FCACF1080CB2EB0C0200FA97
:10022C000CF0AABF00EBC25052421843BCBFD040E6
:10023C001843704792F0000F81F4000106BF80F460
:10024C0000000132013BB5E74FEA41037FEA226C23
:10025C0018BF7FEA236C21D092EA030F04D092F0EE
:10026C00000F08BF0846704790EA010F1CBF002022
:10027C00704712F07F4F04D1400028BF40F000407F
:10028C00704712F100723CBF00F50000704700F09F
:10029C00004343F0FE4040F4000070477FEA2262C6
:1002AC0016BF08467FEA23630146420206BF5FEA97
:1002BC00412390EA010F40F4800070474FF0000397
:1002CC0004E000BF10F0004348BF40425FEA000C5E
:1002DC0008BF704743F0964301464FF000001CE006
:1002EC0050EA010208BF70474FF000030AE000BF5C
:1002FC0050EA010208BF704711F0004302D540429A
:10030C0061EB41015FEA010C02BF8446014600200B
:10031C0043F0B64308BFA3F18053A3F50003BCFA26
:10032C008CF2083AA3EBC25310DB01FA02FC6344D3
:10033C0000FA02FCC2F12002BCF1004F20FA02F2DA
:10034C0043EB020008BF20F00100704702F12002CD
:10035C0001FA02FCC2F1200250EA4C0021FA02F22E
:10036C0043EB020008BF20EADC7070474FF0FF0C33
:10037C001CEAD0521EBF1CEAD15392EA0C0F93EA2E
:10038C000C0F6FD01A4480EA010C400218BF5FEAD0
:10039C0041211ED04FF0006343EA501043EA511143
:1003AC00A0FB01310CF00040B1F5000F3EBF49003D
:1003BC0041EAD3715B0040EA010062F17F02FD2A41
:1003CC001DD8B3F1004F40EBC25008BF20F0010024
:1003DC00704790F0000F0CF0004C08BF49024CEA3B
:1003EC00502040EA51207F3AC2BFD2F1FF0340EACD
:1003FC00C250704740F400004FF00003013A5DDC3E
:10040C0012F1190FDCBF00F000407047C2F100027E
:10041C00410021FA02F1C2F1200200FA02FC5FEA6B
:10042C00310040F1000053EA4C0308BF20EADC70B5
:10043C00704792F0000F00F0004C02BF400010F427
:10044C00000F013AF9D040EA0C0093F0000F01F0D4
:10045C00004C02BF490011F4000F013BF9D041EAF6
:10046C000C018FE70CEAD15392EA0C0F18BF93EAF8
:10047C000C0F0AD030F0004C18BF31F0004CD8D122
:10048C0080EA010000F00040704790F0000F17BFA9
:10049C0090F0004F084691F0000F91F0004F14D0EF
:1004AC0092EA0C0F01D142020FD193EA0C0F03D147
:1004BC004B0218BF084608D180EA010000F000404A
:1004CC0040F0FE4040F40000704740F0FE4040F425
:1004DC00400070474FF0FF0C1CEAD0521EBF1CEAC4
:1004EC00D15392EA0C0F93EA0C0F69D0A2EB0302E2
:1004FC0080EA010C49024FEA402037D04FF080537C
:10050C0043EA111143EA10130CF000408B4238BF40
:10051C005B0042F17D024FF4000C8B4224BF5B1A4E
:10052C0040EA0C00B3EB510F24BFA3EB510340EA9C
:10053C005C00B3EB910F24BFA3EB910340EA9C004A
:10054C00B3EBD10F24BFA3EBD10340EADC001B01BA
:10055C0018BF5FEA1C1CE0D1FD2A3FF650AF8B425E
:10056C0040EBC25008BF20F0010070470CF0004C6B
:10057C004CEA50207F32C2BFD2F1FF0340EAC25096
:10058C00704740F400004FF00003013A37E792F057
:10059C00000F00F0004C02BF400010F4000F013AB5
:1005AC00F9D040EA0C0093F0000F01F0004C02BFB0
:1005BC00490011F4000F013BF9D041EA0C0195E719
:1005CC000CEAD15392EA0C0F08D142027FF47DAFB2
:1005DC0093EA0C0F7FF470AF084676E793EA0C0FA2
:1005EC0004D14B023FF44CAF08466EE730F0004CA0
:1005FC0018BF31F0004CCAD130F000427FF45CAF30
:10060C0031F000437FF43CAF5FE700BF4FF0FF3C9D
:10061C0006E000BF4FF0010C02E000BF4FF0010CF0
:10062C004DF804CD4FEA40024FEA41037FEA226CB9
:10063C0018BF7FEA236C11D001B052EA530C18BFDB
:10064C0090EA010F58BFB2EB030088BFC81738BF40
:10065C006FEAE17018BF40F0010070477FEA226C2E
:10066C0002D15FEA402C05D17FEA236CE4D15FEA2A
:10067C00412CE1D05DF8040B704700BF844608465E
:10068C006146FFE70FB5FFF7C9FF002848BF10F11F
:10069C00000F0FBD4DF808EDFFF7F4FF0CBF012064
:1006AC0000205DF808FB00BF4DF808EDFFF7EAFFEE
:1006BC0034BF012000205DF808FB00BF4DF808EDA9
:1006CC00FFF7E0FF94BF012000205DF808FB00BF9E
:1006DC004DF808EDFFF7D2FF94BF012000205DF824
:1006EC0008FB00BF4DF808EDFFF7C8FF34BF012031
:1006FC0000205DF808FB00BF42000ED2B2F1FE4FA5
:10070C000BD34FF09E03B3EB126209D44FEA0023D4
:10071C0043F0004323FA02F070474FF0000070479B
:10072C0012F1610F01D1420202D14FF0FF3070473C
:10073C004FF00000704700BF034650B149B14FF075
:10074C00A00C4FF47A720020196083F804C09A60F0
:10075C0070470220704700BFF0B51D46CB18B3F5AB
:10076C00803F87B035DAA5B39AB3044688B3806866
:10077C00009201F07F02C2F180029542A8BF15469B
:10078C000290ADB20A46206821791023019507F03A
:10079C00A7FA0746E8B906F04FF901258DF817704E
:1007AC0006460DF1170702E0012006F04BF92179FE
:1007BC00206810230022CDE90155009707F0AAFB11
:1007CC0040B106F039F9A368801B9842ECD903209C
:1007DC0000E0022007B0F0BD30B51C46CB18B3F5D5
:1007EC00803F85B013DA94B1154682B178B1836835
:1007FC00CDE9005402930A4610230179006807F0F2
:10080C0089FB003818BF0120400005B030BD022024
:10081C0005B030BD002859D02DE9F04F90468A180C
:10082C00B2F5803F8946A7B04CDCB8F1000F49D037
:10083C000DF1180A044619468022504609F080F939
:10084C0001250DF1170709F07F06C6F18006464514
:10085C00A8BF4646D4F808C0B6B221792068102348
:10086C004A46CDF808C0CDF800A0019607F038FA3A
:10087C00834638BB06F0E0F88DF817B0834609E0E4
:10088C0006F0DAF8A368A0EB0B0098421AD8012006
:10089C0006F0D8F82179206810230022CDE9015503
:1008AC00009707F037FB0028EAD1A8EB06081FFADF
:1008BC0088F84E441FFA86F9B8F1000FC3D127B05F
:1008CC00BDE8F08F022027B0BDE8F08F0220704702
:1008DC00F8B5044600250846BDF818C09DF824E07C
:1008EC00079EBDF8207084F828E0A4F80EC01146CD
:1008FC002360A281C4E91155C4E90106E56227828F
:10090C0006F036FE0246A37C394662F30003A3745C
:10091C00304606F02DFEA37C400023F0060300F0C9
:10092C00020018432563C4E90755E562C4E9145570
:10093C006563C4E91655A582A561A074656284F847
:10094C004C5084F86050A56306F076F80346A189F4
:10095C00C4E90F33606806F00BFE0346E18963645B
:10096C00206806F005FE636CA06443EA4003E36272
:10097C00F8BD00BFF8B500250E469DF81CC0BDF8AB
:10098C001870044680F828C01146C3818281C0E9E2
:10099C001155C0E90066C56286600782304606F0D4
:1009AC00E7FD0246A37C394662F30003A37430468C
:1009BC0006F0DEFDA37C400023F0060300F00200ED
:1009CC0018432563C4E90755E562C4E9145565630A
:1009DC00C4E91655A582A561A074656284F84C50D3
:1009EC0084F86050A56306F027F80346A189C4E992
:1009FC000F33606806F0BCFD0346E1896364206830
:100A0C0006F0B6FD636CA06443EA4003E362F8BDF4
:100A1C00406B704790F82830022B0AD9032B12D167
:100A2C00036B03F0010343EA4103036341638163F6
:100A3C0070474BB1036B03F0030343EA8103036379
:100A4C004163816370477047704700BF38B50446F7
:100A5C0005F0F2FFD4E91131E26A43EA41035BB2DB
:100A6C009A4212D0E26A564D43EA8202216BAA5690
:100A7C000A4494F8281022630229E36200F0818072
:100A8C00032900F09180012972D0218AA06806F018
:100A9C006FFD18B994F84C50002D75D0218AA068C0
:100AAC0006F066FD01283AD0218AA06806F060FDA8
:100ABC00012847D0218AA06806F05AFD00284CD0A6
:100ACC00A36DA3F10B02B2F5777F10D8E36D782BF1
:100ADC0006D994F86030032B02D0012384F86030DF
:100AEC00218AA06806F044FD01280DD038BDB3F56D
:100AFC007A7F88BF0223218A88BF84F86030A0687F
:100B0C0006F036FD0128F1D105F096FF636D03F573
:100B1C00FA73984284BF002384F8603038BD94F88F
:100B2C004C30002BC0D0002384F84C3005F084FFEF
:100B3C00236D218AC31AC4E91503A06806F018FDB9
:100B4C000128B7D105F078FF636D218AC01AE065E2
:100B5C00A06806F00DFD0028B2D105F06DFF236DE5
:100B6C0003F57A73984284BF022384F86030A7E7B8
:100B7C00032B8AD1236BE26B9B10C4E90F026363D6
:100B8C0083E7002B81D1F5E7012384F84C3005F085
:100B9C0053FFE36D2065772B8CBF2B460323C4E9F1
:100BAC00165584F8603079E713B1032B7FF46DAFE1
:100BBC00236BE26B5B10C4E90F02636365E700BF54
:100BCC0090A4000810B581890446406806F0D0FC5A
:100BDC000346E1896364206806F0CAFC034620469C
:100BEC00A364BDE81040FFF731BF00BF90F8600070
:100BFC00704700BF0023D0B594B001264FF4803766
:100C0C00012102244FF48032CDE90F33CDE90633B4
:100C1C00CDE90833CDE902330C93059301930D9381
:100C2C0004934FF4E0130AA8CDE90A670E911194CE
:100C3C001292139307F06AFB08B172B6FEE70346F3
:100C4C000F22CDE9064309934FF48063214605A892
:100C5C000893059207F04AFD08B172B6FEE74FF40F
:100C6C00004301A80194039307F022FE08B172B669
:100C7C00FEE714B0D0BD00BF08B54FF6E07002F02F
:100C8C00DDFC03F05FF800222021084804F0B6FADE
:100C9C00074804F0A5FA07485E22002104F0AEFADA
:100CAC00BDE808404FF4FC6002F0C8BCA0A40008EA
:100CBC00CCA40008ECA4000870B5037C0546012BFD
:100CCC003FD0644E336803F10A0405F0B5FE84424C
:100CDC0000D370BD604C5E222821B5F9000004F0F1
:100CEC003DFC2368472B05D85C4804F079FA23684F
:100CFC00472BF9D95E227021B5F9020004F02EFCC5
:100D0C002368972B05D8554804F06AFA2368972B6B
:100D1C00F9D96B691A7B032A09D8DFE802F08A83B8
:100D2C00027C6E2228214E4804F068FA6B695B7BCA
:100D3C00002B00F08580012B64D005F07DFE306027
:100D4C0070BD10226021B0F90400434C04F006FC85
:100D5C00444804F045FA2368972B05D83F4804F023
:100D6C003FFA2368972BF9D920226021B5F90600A8
:100D7C0004F0F4FB3B4804F033FA2368972B05D8B6
:100D8C00364804F02DFA2368972BF9D9364804F02D
:100D9C0027FA30222021B5F9080004F0DFFB314896
:100DAC0004F01EFA2368372B05D82C4804F018FAE7
:100DBC002368372BF9D930227021B5F90C0004F0D7
:100DCC00CDFB284804F00CFA2368672B05D8234880
:100DDC0004F006FA2368672BF9D940223821B5F9BB
:100DEC000A0004F0BBFB1F4804F0FAF92368972BA8
:100DFC0005D81A4804F0F4F92368972BF9D9002385
:100E0C002B745EE76E227021184804F0F7F905F098
:100E1C0013FE306094E76E222821154804F0EEF999
:100E2C006B6984E76E222821124804F0E7F96B699C
:100E3C007DE76E222821104804F0E0F96B6976E713
:100E4C006E2270210D4804F0D9F905F0F5FD3060E3
:100E5C0076E700BF84000020FC02002014A50008E7
:100E6C0024A5000810A5000818A5000830A5000846
:100E7C0028A5000820A500081CA500082CA5000822
:100E8C00F0B59048A7B0FFF7C3FD05468E48FFF7B5
:100E9C00BFFD8E4C064602F055FF05F09FF92378F6
:100EAC0013B9012027B0F0BD0021084602F056FD11
:100EBC004FF4FC6002F0C2FB2378013B092B0ED8E7
:100ECC00DFE813F0E000E400E800EC00F000F400D0
:100EDC00F800FC000A00DC007D4804F081F9227A5D
:100EEC00E3797C49CDE90432A37906A803936379AD
:100EFC002DB20293237936B20193E3780093A37851
:100F0C00627808F0FBFD4FF6FF7002F097FB06A825
:100F1C0004F066F94FF6E07002F090FB6E4804F0B6
:100F2C005FF94FF6FF7002F089FB206A04F0BEFAFD
:100F3C004FF6E07002F082FB684804F051F94FF66E
:100F4C00FF7002F07BFB608904F0B0FA4FF6E070A2
:100F5C0002F074FB624804F043F94FF6FF7002F0A4
:100F6C006DFBE06804F0A2FA4FF6E07002F066FB4D
:100F7C005C4804F035F94FF6FF7002F05FFB206916
:100F8C0004F094FA4FF6E07002F058FB564804F067
:100F9C0027F94FF6FF7002F051FB606904F086FAF6
:100FAC000DE04948FFF722FE70B94648FFF730FDC7
:100FBC00A84209D14448FFF72BFDB04204D1414867
:100FCC00FFF714FE0028ECD03E48FFF70FFE002878
:100FDC00FAD13D48FFF70AFE0028FAD13948FFF74D
:100FEC0017FD06463848FFF713FD00277F23202204
:100FFC009F2105B20097384602F0AAFE2021384600
:10100C0002F0ACFC4FF6E07002F018FB374804F02D
:10101C00E7F84FF6FF7002F011FBA06904F046FAF6
:10102C004FF6E07002F00AFB314804F0D9F84FF6A5
:10103C00FF7002F003FBE06936B204F037FA0DE002
:10104C002148FFF7D3FD70B91E48FFF7E1FCB04211
:10105C0009D11D48FFF7DCFC854204D11948FFF784
:10106C00C5FD0028ECD000211648FFF7D3FC002169
:10107C001548FFF7CFFC002027B0F0BD1D4804F049
:10108C00AFF82CE71C4804F0ABF828E71B4804F039
:10109C00A7F824E71A4804F0A3F820E7194804F04D
:1010AC009FF81CE7184804F09BF818E7174804F061
:1010BC0097F814E7164804F093F810E7154804F075
:1010CC008FF80CE7F800002094000020AC030020FF
:1010DC00BCA50008E4A5000808A6000818A600088E
:1010EC002CA600083CA600084CA600085CA600082C
:1010FC006CA60008D0A5000838A5000848A5000873
:10110C0058A5000868A5000878A5000888A500085F
:10111C0098A50008A8A5000838B500220C4605467D
:10112C0012231146204605F07FFB22886B6952BAC8
:10113C002A80628852BA6A80A28852BA1A80E288DF
:10114C0052BA5A80228952BA9A80628952BADA808B
:10115C00A28952BA1A81E28952BA5A81227C1A7334
:10116C00627C5A7338BD00BF70B50E4605461446F6
:10117C00FF23122200213046FFF74CFB0F2005F015
:10118C0061FC95F90120304622702A881223627086
:10119C0095F903200021A2706A88E2706A6992F9BD
:1011AC00012022716A69128862716A6992F90320BE
:1011BC00A2716A695288E2716A6992F905202272F9
:1011CC006A69928862726A6992F90720A2726A69E6
:1011DC00D288E2726A6992F9092022736A691289CB
:1011EC0062736A6992F90B20A2736A695289E2737D
:1011FC006A69127B22746A69527B62742246BDE86A
:10120C007040FFF7A9BA00BF2DE9F8434FF00A0868
:10121C00002405464FF065092C4E00212C48A6F8F9
:10122C000080FFF7F7FB2B4B214629486C802A4F97
:10123C00A3F80090A6F80080FFF7ECFB274B2146A3
:10124C002748EC80A3F800903480A7F80080FFF7C3
:10125C00E1FB244B21461E482C81A3F80090A6F8F4
:10126C0000803C80FFF7D6FB1F4B2C802146184892
:10127C00A3F80090A6F80080FFF7CCFB34804FF069
:10128C0080462146AC8016487463A7F80080FFF7AF
:10129C00C1FB6C813C8001224FF400511348F46374
:1012AC0006F06CF901224FF48051114806F066F9F2
:1012BC0001224FF400610E4806F060F9BDE8F843D6
:1012CC00012280210A4806F059B900BF9200002083
:1012DC00F800002088000020900000208C000020E6
:1012EC00940000208A0000208E0000200010014095
:1012FC00000C0140F8B56E23B0F90260904D9E428F
:10130C0004462B800BD0642E40F3B58064218D48AD
:10131C00FFF780FB642600238B4A668013806E23C4
:10132C00B4F906602B809E420CD0642E40F396805C
:10133C0064218448FFF76EFB64260023834AE68011
:10134C002E8013806E23B4F90870814E9F42338037
:10135C000BD0642F75DD64217E48FFF75BFB64279F
:10136C0000237D4A2781378013806E23B4F90070E7
:10137C002B809F420AD0642F57DD64217148FFF700
:10138C0049FB64270023754A278013806E23B4F928
:10139C0004702B809F420DD0642F78DD6421694846
:1013AC00FFF738FB64274FF47A734FF08042A78025
:1013BC002F8053636E23B4F90A5033809D420DD0B5
:1013CC00642D24DD64216348FFF724FB642540F27F
:1013DC00E7334FF0804265813580D363237B032B49
:1013EC0008D8DFE803F076700261B4F904105548B0
:1013FC00FFF710FB637B002B5ED0012B00D0F8BDF8
:10140C00B4F90A105348BDE8F840FFF703BB092DA7
:10141C0000F38D8000214F48FFF7FCFA00234FF0BA
:10142C00804263813380D363D8E7092F77DC0021B6
:10143C004448FFF7EFFA00216522484B21801A80BF
:10144C00A4E7092F63DC00214248FFF7E3FA0023ED
:10145C006521414A23811180338086E7092E4EDCB9
:10146C0000213848FFF7D6FA00236521374AE3807C
:10147C002B80118066E7092E39DC00213148FFF7FB
:10148C00C9FA00216522304B61801A8047E7092F89
:10149C0025DC00212B48FFF7BDFA00234FF08042DA
:1014AC00A3802B80536385E7B4F906102548FFF71A
:1014BC00B1FA637B002BA0D1B4F908102548BDE824
:1014CC00F840FFF7A7BAB4F902101E48FFF7A2FACA
:1014DC0090E7B4F900101B48FFF79CFA8AE73946ED
:1014EC001848FFF797FA07EB87035B005DE7314677
:1014FC001448FFF78FFAC6F164039BB20CE7314630
:10150C001048FFF787FAC6F164039BB216E7394619
:10151C001048FFF77FFAC7F164039BB221E7394605
:10152C000848FFF777FAC7F164039BB22BE729460B
:10153C000848FFF76FFA05EB85035B00013B48E7B2
:10154C0092000020F8000020880000208C00002071
:10155C0090000020940000208A0000208E000020C3
:10156C002DE9F04FDFB0002705F066FA0DF1480BBE
:10157C00CDE90E77CBE90077CBE902770490109791
:10158C00ADF84470CBF8107005F038FAFFF732FB69
:10159C00CDE94E77CDE95077A84B4FF400519A69BD
:1015AC00A74842F010029A619A69012502F01002D4
:1015BC000792079A9A69022642F020029A619A6968
:1015CC004FF4F86802F020020892089A9A694FF0DA
:1015DC00000942F004029A619A694EAC02F00402CE
:1015EC000992099A9A6942F008029A619B693A46F3
:1015FC0003F008030A930A9B05F0C0FF3A4641F634
:10160C00FA01904805F0BAFF4FF4005321468C487C
:10161C004E9350974F95519605F0A4FDCDE94E8908
:10162C004FF001084FF0000921468748509705F00C
:10163C0099FD21468348CDE94E89509705F092FDDE
:10164C0041F6DA03CDE94E35032321467D4851930B
:10165C00509705F087FD202321467A48CDE94E3579
:10166C00CDE9507605F07EFD0A234FF482714FF4DC
:10167C0000727648C362764BC0E90277C0E9047702
:10168C00C0E90777C0E9097741608261036007F020
:10169C0063FA08B172B6FEE74FF0804240F2E733CE
:1016AC00DFF8B0A14E90CDE94100C4E90100C4E9D6
:1016BC000300C4E90500CAE90160409032904390F0
:1016CC003390CAF81000CAF818005046CAF8002027
:1016DC00CAF80C3007F03AFE08B172B6FEE74FF4C8
:1016EC008057504640A9409708F082F808B172B66E
:1016FC00FEE7504607F0C4FE08B172B6FEE70022C2
:10170C000023504632A9CDE9322308F0C1F9024634
:10171C0008B172B6FEE704234FF0600840F2F319EB
:10172C0021465046CDE94E895096529307F06EFFF4
:10173C0008B172B6FEE7DAF8001008228B69504641
:10174C0023F008038B61214607F060FF064608B1C1
:10175C0072B6FEE7DAF800205046D369DFF8F8A03D
:10176C0023F00803D36104F041F9802340F60F62A3
:10177C00CAF81830394B50464E96CDE94066C4E94C
:10178C000166CAF80450CAF80C20E660CAF8086072
:10179C00CAF81060CAF8003007F0D8FD08B172B66C
:1017AC00FEE7214650464E9708F022F808B172B673
:1017BC00FEE700220023504640A9CDE9402308F063
:1017CC0067F908B172B6FEE700234FF460224FF0C0
:1017DC0001082349234F08464E93C1E90133C4E95C
:1017EC000133CA610B730B75C1F810800F6005F0E3
:1017FC003BF908B172B6FEE7012305225090214651
:10180C001748CDE94E2305F0FBFA034608B172B632
:10181C00FEE74FF480421448C0E90233C0E90533B7
:10182C00C0E907330261114B114AC0E9002306F0ED
:10183C008FF90546F0B172B6FEE700BF001002400A
:10184C0000100140000C014000080140F001002094
:10185C0000380040A40100205C010020000800407A
:10186C00A00200200024014048020020A0860100B4
:10187C00005400400146A04807F070FE08219E4825
:10188C0007F06CFE9D4807F0CFFD0EA8FFF7BCFCDF
:10189C009B499C4804F0B6F94FF480529A4918A819
:1018AC0004F0EEF94FF40062974925A804F0E8F92A
:1018BC00394641F25C27954804F078F902219448A6
:1018CC0004F06AFB66230321CDE90075914A40A818
:1018DC0004F0DAF966230321CDE900758D4A32A8AC
:1018EC0004F0D2F940F24E4904238B4F2A468B491F
:1018FC000093CDF808902B46019740A804F0A8F966
:10190C000523CDE901792A468549009332A82B4657
:10191C0004F09EF902274FF48073DFF808924FF41D
:10192C0080624946CDE900377F484FF40073FFF7DA
:10193C0021F8802640234246CDE9019372494B465B
:10194C007A4803970096FEF7C3FFDFF8E491294627
:10195C007548DFF8E0A1FFF75DF829467348A9F850
:10196C000050FFF757F84023324667496548009509
:10197C00AAF8005000F0C2FB4146384601F036FD93
:10198C002946284600F0D6FB2B464FF6E070294638
:10199C00694A01F059FE284601F040FDFFF770FA44
:1019AC00002840F0EA820021204604F0A5FE9DF8B4
:1019BC003831FF2B00F0DD820EAB21465846CBF8B8
:1019CC001430FFF7A9FBBBF90080BBF9027041464C
:1019DC005548DBF81450FFF71DF839465348A9F861
:1019EC000080FFF717F8AAF8007054490BA8FEF70F
:1019FC00A3FE0146002840F0AC82122322460BA81D
:101A0C00FEF7EAFE002840F0A48202F09BF94FF4A6
:101A1C00FC6001F013FE4A482022282103F0EEFB63
:101A2C004FF4FA7005F00EF80EA8FFF763FCFFF701
:101A3C0023F900230593049B03F5FA73049304F034
:101A4C00FBFF049B834240F2CF813748FFF7CEF86F
:101A5C00012840F098819DF844304FF4C870013350
:101A6C00DBB2042B08BF00238DF8443004F0EAFFEE
:101A7C002E48FFF7BBF8012864D19DF845304FF490
:101A8C00C870B3FA83F35B098DF8453004F0DAFFC4
:101A9C009DF844209DF84530059843EA8201884220
:101AAC0013D05EA901EB430301EB4202A3F59C7337
:101ABC00B3F90070A2F5A072B2F900101A48FEF743
:101ACC00A9FF39461948FEF7A5FF9DF844209DF85B
:101ADC004530154843EA8203DBB20593FEF798FFC5
:101AEC009DF8443007B2032B00F2AB80DFE813F013
:101AFC002201BD0212028E00A40100205C01002014
:101B0C0000380040F0010020000C0140A002002031
:101B1C00CDCC1C40ACB6000814B7000800009643AE
:101B2C000080964300080140F8000020940000203B
:101B3C00920000209000002058AC000848020020C1
:101B4C00D0A60008BB48FFF751F8022800F0278206
:101B5C00B848FFF74BF803289AD1224600211223EC
:101B6C000BA8FEF739FEBDF83C31BDF838815BBAE5
:101B7C00BDF83A712B80BDF83E317FBA5BBA6B80F1
:101B8C00BDF840310EA85BBAAB80BDF8423198FA73
:101B9C0098F85BBAEB80BDF844315BBA2B81BDF889
:101BAC0046315BBA6B819DF848312B739DF84931F6
:101BBC006B73FFF79FFBABF8027000279E4B5846E8
:101BCC001F60CBF81450ABF80080FFF775F850216C
:101BDC003846DBF8145001F0C1FE4FF6FF7001F0EF
:101BEC002DFD964803F0FCFA40F2DC5004F02AFF7D
:101BFC005021384601F0B2FE4FF4FC6001F01EFD9E
:101C0C008F4803F0EDFAFF23059341E7B9F9003053
:101C1C009F4215D0642F7EDC092F03DC9F42C0F25B
:101C2C0017820A2739468748FEF7F4FE864AC7F121
:101C3C0064039BB2ADF83E70A9F8007013803B466C
:101C4C005FB27C48FEF7E4FE9DF845600FFA80F821
:101C5C00A6B3012E1FD1BAF90030984519D0B8F1AE
:101C6C00640F28DCB8F1090F03DC984555DB4FF005
:101C7C000A0841466F48FEF7CDFE0A224FF080411C
:101C8C00434602FB08F2013AADF84280AAF8008004
:101C9C00CA634FFA83F85846ABF80070ABF8028071
:101CAC00CBF81450FFF708F8BBF90080BBF90270B1
:101CBC00DBF81450C3E64FF06408DAE7BAF90030E9
:101CCC009845E6D0B8F1640F15DCB8F1090F03DCC8
:101CDC00984513DB4FF00A0841465648FEF79AFE2A
:101CEC005A4AC8F164039BB21380ADF84080434656
:101CFC00AAF80080CDE74FF06408EDE731464D4877
:101D0C00FEF788FE6523514AADF840601380AAF8AF
:101D1C0000603346BDE7642784E700214548FEF7A1
:101D2C0079FE00234FF08042ADF84230AAF8003023
:101D3C00D363AEE7B9F900309F4281D0642F13DC36
:101D4C00092F02DC9F4211DB0A2739463D48FEF77A
:101D5C0061FE3F4AC7F164039BB2ADF83870A9F835
:101D6C00007013803B466BE76427EEE70021354893
:101D7C00FEF750FE002365223549ADF838300A8055
:101D8C00A9F800305CE72F48FEF730FF022865D039
:101D9C002C48FEF72BFF03287FF46AAE22465846E8
:101DAC000BA9ABF80080ABF80270CBF81450FFF71E
:101DBC00DBF95021002001F0D1FD4FF6FF7001F04E
:101DCC003DFC244803F00CFA40F2DC5004F03AFEDF
:101DDC005021002001F0C2FD4FF4FC6001F02EFCFC
:101DEC001D4803F0FDF943E604F026FE02210646E9
:101DFC0018A803F0BBFF0221ABF8040025A803F0E0
:101E0C00B5FFABF80600052004F0A6F840F6FB027F
:101E1C0003B29342ABF80E306DDD012140A803F004
:101E2C00A5FF06F5FA7304930123ABF80A008BF8AF
:101E3C0010300AE6940000208400002050A700080F
:101E4C0070A70008F80000208C0000208A000020F9
:101E5C008E00002010A70008FCA60008002004F04B
:101E6C00DDFA98FA98F80F207FBA04F0EBFDADF884
:101E7C003881ADF83A7195F9011000228DF83C11BA
:101E8C00298812238DF83D1195F9031020468DF801
:101E9C003E1169888DF83F1195F905108DF84011A8
:101EAC00A9888DF8411195F907108DF84211E98830
:101EBC008DF8431195F909108DF8441129898DF885
:101ECC00451195F90B108DF8461169898DF847115C
:101EDC00297B8DF84811697B8DF84911114604F066
:101EEC00DBFB5021002001F039FD4FF6FF7001F0B3
:101EFC00A5FB794866E7012004F0A4FD012132A876
:101F0C0003F034FFABF8080032A803F0C7FEABF8BF
:101F1C000C0082E7B9F900309F423FF491AE642F78
:101F2C0015DC092F03DC9F42C0F2BC800A2739461E
:101F3C006A48FEF76FFD0A234FF0804207FB03F35C
:101F4C00ADF83C70A9F8007053633B4678E6642703
:101F5C00EDE701F0F7FE4FF4784001F06FFB202223
:101F6C0014215F4803F04AF941F2883004F06AFD0D
:101F7C005AE500270EADB84637E501F0E3FE202107
:101F8C00284601F0EBFC4FF4784001F057FB554824
:101F9C0003F026F941F2883004F054FD03E50022E9
:101FAC0012231146204604F03FFCBDF83C31BDF82D
:101FBC0038815BBABDF83A712B80BDF83E317FBADF
:101FCC005BBA6B80BDF840310EA85BBAAB80BDF834
:101FDC00423198FA98F85BBAEB80BDF844315BBAA1
:101FEC002B81BDF846315BBA6B819DF848312B7360
:101FFC009DF849316B73FFF77DF9ABF80270002740
:10200C00394B58461F60CBF81450ABF80080FEF7E4
:10201C0053FE50213846DBF8145001F09FFC4FF66C
:10202C00FF7001F00BFB314803F0DAF840F2DC50A2
:10203C0004F008FD5021384601F090FC4FF4FC6090
:10204C0001F0FCFA2A4803F0CBF8FF2305931FE5B7
:10205C0000212248FEF7DEFC002365222549ADF85D
:10206C003E300A80A9F80030EAE5B9F900309F4209
:10207C003FF4E6AD642F13DC092F02DC9F421EDB1C
:10208C000A2739461548FEF7C5FC1B4AC7F16403FD
:10209C009BB2ADF83A70A9F8007013803B46CFE5BF
:1020AC006427EEE700210D48FEF7B4FC00234FF047
:1020BC008042ADF83C30A9F800305363C0E50021F4
:1020CC000648FEF7A7FC002365220B49ADF83A3011
:1020DC000A80A9F80030B3E5DCA60008F80000205F
:1020EC00C0A600087CA600088400002030A70008C9
:1020FC00FCA600088C0000208800002030B44FF6AD
:10210C00FF75084CBDF808C0C4E90001638106499D
:10211C00064B2281064A8B60C1E90052A4F80CC020
:10212C0030BC7047D0020020E0020020081020A034
:10213C0058AC00080B462DE9F04F074C85B02189AF
:10214C00804600226068019305F018FAA1890029E5
:10215C0041F02C8102E000BFD002002001256189F2
:10216C006068002205F00AFA21896068002205F0F7
:10217C0005FA0A232A4620680DF10F018DF80F503D
:10218C0006F048FD21892A46606805F0F7F982209F
:10219C0004F058FC61896068002205F0EFF9218990
:1021AC006068002205F0EAF911232A4620688DF8B0
:1021BC000F300DF10F010A2306F02CFD21892A4660
:1021CC00606805F0DBF9822004F03CFC61896068F2
:1021DC00002205F0D3F921896068002205F0CEF9C0
:1021EC00B1234FF02C092D272A4620688DF80F308B
:1021FC000DF10F010A2306F00DFD218960682A46B6
:10220C0005F0BCF9618960682A4605F0B7F92189A7
:10221C006068002205F0B2F90A232A4620680DF105
:10222C000F018DF80F5006F0F5FC218960682A46E5
:10223C0005F0A4F9618960682A4605F09FF92189A7
:10224C006068002205F09AF90A232A4620680DF1ED
:10225C000F018DF80F9006F0DDFC218960682A468D
:10226C0005F08CF9618960682A4605F087F92189A7
:10227C006068002205F082F90A232A4620680DF1D5
:10228C000F018DF80F7006F0C5FC218960682A4695
:10229C0005F074F961896068002205F06FF92189F5
:1022AC006068002205F06AF9B2232A4620688DF88E
:1022BC000F300DF10F010A2306F0ACFC2189606888
:1022CC002A4605F05BF9618960682A4605F056F9E3
:1022DC0021896068002205F051F90A232A462068FA
:1022EC000DF10F018DF80F5006F094FC21896068F8
:1022FC002A4605F043F9618960682A4605F03EF9E3
:10230C0021896068002205F039F90A232A462068E1
:10231C000DF10F018DF80F9006F07CFC218960689F
:10232C002A4605F02BF9618960682A4605F026F9E2
:10233C0021896068002205F021F90A232A462068C9
:10234C000DF10F018DF80F7006F064FC21896068A7
:10235C002A4605F013F961896068002205F00EF930
:10236C0021896068002205F009F9B3232A46206808
:10237C008DF80F300DF10F010A2306F04BFC21896B
:10238C0060682A4605F0FAF8618960682A4605F00B
:10239C00F5F821896068002205F0F0F80A232A4636
:1023AC0020680DF10F018DF80F5006F033FC2189D8
:1023BC0060682A4605F0E2F8618960682A4605F0F3
:1023CC00DDF821896068002205F0D8F80A232A4636
:1023DC0020680DF10F018DF80F9006F01BFC218980
:1023EC0060682A4605F0CAF8618960682A4605F0DB
:1023FC00C5F821896068002205F0C0F80A232A4636
:10240C0020680DF10F018DF80F7006F003FC218987
:10241C0060682A4605F0B2F8618960682A4605F0C2
:10242C00ADF821896068002205F0A8F80A232A4635
:10243C0020680DF10F018DF80F5006F0EBFB218990
:10244C0060682A4605F09AF8618960682A4605F0AA
:10245C0095F821896068002205F090F80A232A4635
:10246C0020680DF10F018DF80F9006F0D3FB218938
:10247C0060682A4605F082F8618960682A4605F092
:10248C007DF821896068002205F078F80A232A4635
:10249C0020680DF10F018DF80F7006F0BBFB218940
:1024AC0060682A4605F06AF861896068002205F0C8
:1024BC0065F821896068002205F060F8B4232A468B
:1024CC0020688DF80F300DF10F010A2306F0A2FBE6
:1024DC00218960682A4605F051F8618960682A46AE
:1024EC0005F04CF821896068002205F047F80723B5
:1024FC002A4620688DF80F300DF10F010A2306F0E3
:10250C0089FB218960682A4605F038F86189606882
:10251C00002205F033F821896068002205F02EF8BE
:10252C00C0232A4620688DF80F300DF10F010A23C5
:10253C0006F070FB218960682A4605F01FF8618956
:10254C0060682A4605F01AF821896068002205F0B7
:10255C0015F8A2232A4620688DF80F300DF10F01D3
:10256C000A2306F057FB218960682A4605F006F815
:10257C00618960682A4605F001F8218960680022AB
:10258C0004F0FCFF02232A4620688DF80F300DF171
:10259C000F010A2306F03EFB218960682A4604F0ED
:1025AC00EDFF618960682A4604F0E8FF21896068C4
:1025BC00002204F0E3FF84232A4620688DF80F30B4
:1025CC000DF10F010A2306F025FB218960682A46CC
:1025DC0004F0D4FF61896068002204F0CFFF2189E8
:1025EC006068002204F0CAFFC1234FF0C50A2A46D6
:1025FC0020688DF80F300DF10F010A2306F00AFB4D
:10260C00218960682A4604F0B9FF618960682A460E
:10261C0004F0B4FF21896068002204F0AFFF0A23A4
:10262C002A4620680DF10F018DF80FA006F0F2FA82
:10263C00218960682A4604F0A1FF61896068002244
:10264C0004F09CFF21896068002204F097FFC223EC
:10265C004FF00A0900272A4620688DF80F300DF13B
:10266C000F010A2306F0D6FA218960682A4604F085
:10267C0085FF618960682A4604F080FF21896068C3
:10268C00002204F07BFF4B462A4620680DF10F0117
:10269C008DF80F9006F0BEFA218960682A4604F086
:1026AC006DFF618960682A4604F068FF21896068C3
:1026BC00002204F063FF4B462A4620680DF10F01FF
:1026CC008DF80F7006F0A6FA218960682A4604F08E
:1026DC0055FF618960683A4604F050FF21896068B3
:1026EC003A4604F04BFFC3234FF08A0BC54E2A46E3
:1026FC0030688DF80F300DF10F014B4606F08AFA59
:10270C00318970682A4604F039FF718970682A464D
:10271C0004F034FF318970683A4604F02FFF4B46C1
:10272C002A4630680DF10F018DF80FB006F072FAE1
:10273C00318970682A46344604F020FF718970682C
:10274C002A4604F01BFF318970682A263A4604F0A9
:10275C0015FF4B462A460DF10F0120688DF80F60CE
:10276C0006F058FA2A462189606804F007FF3A46B9
:10277C006189606804F002FF3A462189606804F0C0
:10278C00FDFEC4232A468DF80F300DF10F014B4688
:10279C00206806F03FFA2A462189606804F0EEFEB4
:1027AC002A466189606804F0E9FE3A46218960682E
:1027BC0004F0E4FE4B462A460DF10F0120688DF81B
:1027CC000FB006F027FA2A462189606804F0D6FE7D
:1027DC002A466189606804F0D1FE3A462189606816
:1027EC0004F0CCFEEE232A468DF80F300DF10F01CC
:1027FC004B46206806F00EFA2A462189606804F0E0
:10280C00BDFE3A466189606804F0B8FE3A462189FB
:10281C00606804F0B3FE4B462A460DF10F012068A8
:10282C008DF80FA006F0F6F92A462189606804F0AD
:10283C00A5FE2A466189606804F0A0FE3A4621890B
:10284C00606804F09BFE0E232A468DF80F300DF1C4
:10285C000F014B46206806F0DDF92A462189606895
:10286C0004F08CFE3A466189606804F087FE3A46B3
:10287C002189606804F082FE20232A468DF80F30EF
:10288C000DF10F014B46206806F0C4F92A46218948
:10289C00606804F073FE3A466189606804F06EFE6D
:1028AC003A462189606804F069FE36232A468DF881
:1028BC000F300DF10F014B46206806F0ABF92A469C
:1028CC002189606804F05AFE2A466189606804F028
:1028DC0055FE3A462189606804F050FEC8232A460A
:1028EC008DF80F300DF10F014B46206806F092F970
:1028FC002A462189606804F041FE3A466189606885
:10290C0004F03CFE3A462189606804F037FE3A2315
:10291C002A468DF80F300DF10F014B46206806F05A
:10292C0079F92A462189606804F028FE2A466189D3
:10293C00606804F023FE3A462189606804F01EFEAC
:10294C0005232A468DF80F300DF10F014B462068F8
:10295C0006F060F92A462189606804F00FFE3A46B9
:10296C006189606804F00AFE3A462189606804F0C7
:10297C0005FE4B462A460DF10F0120688DF80F60BD
:10298C0006F048F92A462189606804F0F7FD2A46CA
:10299C006189606804F0F2FD3A462189606804F0B0
:1029AC00EDFD4B462A460DF10F0120688DF80F7096
:1029BC0006F030F92A462189606804F0DFFD2A46CA
:1029CC006189606804F0DAFD3A462189606804F098
:1029DC00D5FD4B462A460DF10F0120688DF80F707E
:1029EC0006F018F92A462189606804F0C7FD2A46CA
:1029FC006189606804F0C2FD3A462189606804F080
:102A0C00BDFD01E0D00200204B462A460DF10F011E
:102A1C0020688DF80F7006F0FDF8218960682A4651
:102A2C0004F0ACFD60686189B8F1000F00F02B84F4
:102A3C002A4604F0A3FD3A462189606804F09EFD05
:102A4C007F212A468DF80F104B460DF10F0120689F
:102A5C0006F0E0F82A462189606804F08FFD4FF0FB
:102A6C00E00B00226189606804F088FD0022218956
:102A7C00606804F083FD0A2301220DF10F01206828
:102A8C008DF80FB006F0C6F801222189606804F0B9
:102A9C0075FD01226189606804F070FD00222189B6
:102AAC00606804F06BFD4FF002010DF10F000A237A
:102ABC0001228DF80F100146206806F0ABF80122B8
:102ACC002189606804F05AFD01226189606804F074
:102ADC0055FD00222189606804F050FD1C234FF045
:102AEC0007090DF10F00014601228DF80F30206807
:102AFC000A2306F08FF801222189606804F03EFD5C
:102B0C0001226189606804F039FD00222189606826
:102B1C0004F034FD0DF10F000A2301460122206858
:102B2C008DF80F9006F076F801222189606804F088
:102B3C0025FD01226189606804F020FD00222189B5
:102B4C00606804F01BFD12230DF10F0001460122F9
:102B5C008DF80F3020680A2306F05CF801222189D9
:102B6C00606804F00BFD01226189606804F006FDC9
:102B7C0000222189606804F001FD4FF037000DF14F
:102B8C000F050A23294601228DF80F00206806F054
:102B9C0041F801222189606804F0F0FC012261896E
:102BAC00606804F0EBFC00222189606804F0E6FC0C
:102BBC0032232927294601228DF80F3020680A2359
:102BCC0006F028F801222189606804F0D7FC012264
:102BDC006189606804F0D2FC00222189606804F0ED
:102BEC00CDFC29464FF02D050A23012220688DF8D3
:102BFC000F7006F00FF801222189606804F0BEFC0A
:102C0C0001226189606804F0B9FC0DF10F06002205
:102C1C002189606804F0B2FC0A2331460122206845
:102C2C008DF80F5005F0F6FF01222189606804F041
:102C3C00A5FC01226189606804F0A0FC00222189B6
:102C4C00606804F09BFC0A233146012220688DF851
:102C5C000F7005F0DFFF01222189606804F08EFC03
:102C6C0001226189606804F089FC00222189606876
:102C7C0004F084FC2523314601228DF80F302068A6
:102C8C000A2305F0C7FF01222189606804F076FC55
:102C9C0001226189606804F071FC0022218960685E
:102CAC0004F06CFC2B23314601228DF80F30206888
:102CBC000A2305F0AFFF01222189606804F05EFC55
:102CCC0001226189606804F059FC00222189606846
:102CDC0004F054FC39233146002601254FF0030A39
:102CEC0001228DF80F3020680A2305F093FF012292
:102CFC002189606804F042FC01226189606804F05B
:102D0C003DFC00222189606804F038FC0DF10F0CA9
:102D1C0061460A23012220688DF80F6005F07AFFC6
:102D2C0001222189606804F029FC01226189606814
:102D3C0004F024FC32462189606804F01FFC0DF17C
:102D4C000F0C61460A232A4620688DF80F5005F0B7
:102D5C0061FF2A462189606804F010FC2A466189CB
:102D6C00606804F00BFC32462189606804F006FCB4
:102D7C000DF10F0C61460A232A4620688DF80FA02E
:102D8C0005F048FF2A462189606804F0F7FB2A46C3
:102D9C006189606804F0F2FB32462189606804F0B6
:102DAC00EDFB4FF010020DF10F0C61460A238DF86C
:102DBC000F2020682A4605F02DFF2A4621896068DD
:102DCC0004F0DCFB32466189606804F0D7FB3246C4
:102DDC002189606804F0D2FB0DF10F0C61460A23C7
:102DEC002A4620688DF80FB005F014FF2A46218979
:102DFC00606804F0C3FB2A466189606804F0BEFB7E
:102E0C0032462189606804F0B9FB0DF10F0C614664
:102E1C000A232A4620688DF80FA005F0FBFE2A46EF
:102E2C002189606804F0AAFB2A466189606804F075
:102E3C00A5FB32462189606804F0A0FB1D230DF12F
:102E4C000F0C61462A468DF80F3020680A2305F0D6
:102E5C00E1FE2A462189606804F090FB2A466189CC
:102E6C00606804F08BFB32462189606804F086FBB5
:102E7C000DF10F0C61460A232A4620688DF80F903D
:102E8C0005F0C8FE2A462189606804F077FB2A46C3
:102E9C006189606804F072FB32462189606804F035
:102EAC006DFB06234FF02E090DF10F0C61462A46DF
:102EBC008DF80F3020680A2305F0ACFE2A462189D4
:102ECC00606804F05BFB2A466189606804F056FB7D
:102EDC0032462189606804F051FB0DF10F0C6146FC
:102EEC000A232A4620688DF80F9005F093FE2A4697
:102EFC002189606804F042FB2A466189606804F00D
:102F0C003DFB32462189606804F038FB2C230DF11F
:102F1C000F0C61462A468DF80F3020680A2305F005
:102F2C0079FE2A462189606804F028FB2A466189CB
:102F3C00606804F023FB32462189606804F01EFBB4
:102F4C000DF10F0C61460A232A4620688DF80F708C
:102F5C0005F060FE2A462189606804F00FFB2A46C2
:102F6C006189606804F00AFB32462189606804F0CC
:102F7C0005FB4FF02D030DF10F0C61462A468DF821
:102F8C000F3020680A2305F045FE2A462189606827
:102F9C0004F0F4FA2A466189606804F0EFFA3246CC
:102FAC002189606804F0EAFA0DF10F0C61460A23DE
:102FBC002A4620688DF80F9005F02CFE2A462189B0
:102FCC00606804F0DBFA2A466189606804F0D6FA7E
:102FDC0032462189606804F0D1FA0DF10F0C61467C
:102FEC000A232A4620688DF80F9005F013FE2A4616
:102FFC002189606804F0C2FA2A466189606804F08D
:10300C00BDFA32462189606804F0B8FA4FF03700F7
:10301C008DF80F000DF10F000A2301462A46206897
:10302C0005F0F8FD2A462189606804F0A7FA2A46C3
:10303C006189606804F0A2FA32462189606804F064
:10304C009DFA3F230DF10F0001462A468DF80F30F3
:10305C0020680A2305F0DEFD2A462189606804F009
:10306C008DFA2A466189606804F088FA3246218913
:10307C00606804F083FA0DF10F000A2301462A461A
:10308C0020688DF80F6005F0C5FD2A46218960681F
:10309C0004F074FA2A466189606804F06FFA3246CB
:1030AC002189606804F06AFA0DF10F000A230146C9
:1030BC002A4620688DF80F6005F0ACFD2A46218960
:1030CC00606804F05BFA2A466189606804F056FA7D
:1030DC0032462189606804F051FA4FF002010A234C
:1030EC002A468DF80F1020680DF10F0105F092FDA6
:1030FC002A462189606804F041FA2A466189606891
:10310C0004F03CFA32462189606804F037FA4FF03B
:10311C0010020A238DF80F200DF10F012A462068AA
:10312C0005F078FD2A462189606804F027FA3246BA
:10313C006189606804F022FA32462189606804F0E3
:10314C001DFA13232A468DF80F300DF10F010A23B7
:10315C00206805F05FFD2A462189606804F00EFAAC
:10316C000A2003F06FFC32466189606804F006FAAD
:10317C0032462189606804F001FA0A232A460DF1CF
:10318C000F0120688DF80F7005F044FD2A46218947
:10319C00606804F0F3F9822003F054FC7F23864E20
:1031AC00864F33603B80B8F1000F62D0DFF810928D
:1031BC00DFF810B2C9F80050CBF800300125DFF869
:1031CC000882DFF808A2A8F80030019B0022CAF898
:1031DC0000307F4B618960681D7004F0CFF90022CC
:1031EC002189606804F0CAF936232A468DF80F301D
:1031FC000DF10F010A23206805F00CFD2A462189E8
:10320C00606804F0BBF97F23CBF80030D9F80020BC
:10321C003B8002B99F233360DAF800506189606803
:10322C000122A8F8003004F0A9F921896068002275
:10323C0004F0A4F965F03F050A230DF10F010122FA
:10324C0020688DF80F5005F0E5FC2189606801229B
:10325C0004F094F95F4A604C12786048604B614905
:10326C001B7822700270604A0B70137005B0BDE8B9
:10327C00F08F9F23DFF84891DFF848B1C9F8008040
:10328C00CBF800309AE7012204F078F94246218904
:10329C00606804F073F99F210A238DF80F10012246
:1032AC000DF10F01206805F0B5FC21896068012241
:1032BC0004F064F942466189606804F05FF94246A3
:1032CC002189606804F05AF92B210A238DF80F101C
:1032DC0001220DF10F01206805F09CFC218960682A
:1032EC00012204F04BF961896068012204F046F96F
:1032FC0042462189606804F041F90A230DF10F015F
:10330C00012220688DF80F8005F084FC218960680B
:10331C00012204F033F961896068012204F02EF96E
:10332C0042462189606804F029F90A230DF10F0146
:10333C00012220688DF80F8005F06CFC21896068F3
:10334C00012204F01BF961896068012204F016F96E
:10335C0042462189606804F011F90A230DF10F012E
:10336C00012220688DF80F8005F054FC21896068DB
:10337C00012204F003F961896068012204F0FEF86F
:10338C0042462189606804F0F9F87F210A238DF800
:10339C000F1001220DF10F01206805F03BFC0122FA
:1033AC002189606804F0EAF8FFF759BB01226068D4
:1033BC0004F0E4F8FEF7D2BE08030020EE02002071
:1033CC00040300200C030020EC020020000300206A
:1033DC000000002004000020F2020020F002002077
:1033EC0003000020F3020020F1020020064BC0B2C3
:1033FC001B78C9B2012B99BF044A054B054A064BF1
:10340C0010701970704700BF0000002004000020ED
:10341C0003000020020000200100002030B505460A
:10342C00764C774B83B06189606800221D7004F084
:10343C00A5F821896068002204F0A0F836210A233F
:10344C008DF8071001220DF10701206805F0E2FB51
:10345C0001222189606804F091F8032D3AD8DFE845
:10346C0005F002996C3B7F236649674A0B606748FD
:10347C0012680380002A00F0B9801946644A60681B
:10348C001360644B644A1D6811800122618904F049
:10349C0075F800222189606804F070F865F05F050A
:1034AC000A2301220DF1070120688DF8075005F061
:1034BC00B1FB01222189606804F060F8574A584B2F
:1034CC0012781B78574C5848584922700270584A49
:1034DC000B70137003B030BD7F234D494A4A0B600B
:1034EC004D4812680380002A00F086801946454A30
:1034FC0060681360454A474B1180012261891D6841
:10350C0004F03CF800222189606804F037F80A23A3
:10351C0001220DF1070120688DF8075005F07AFBA8
:10352C0001222189606804F029F8424A424B127842
:10353C001B783E4C3C483B49C7E77F233149324A14
:10354C000B60324812680380002A53D01946304A67
:10355C00606813602F4B304A1D681180012261890D
:10356C0004F00CF800222189606804F007F845F09B
:10357C0060050A2301220DF1070120688DF8075020
:10358C0005F048FB01222189606803F0F7FF2A4A05
:10359C00284B95E77F231E491B4A0B601E48126877
:1035AC0003802AB31946174A60681360194B174AEF
:1035BC001D6811800122618903F0E0FF002221893E
:1035CC00606803F0DBFF65F03F050A2301220DF173
:1035DC00070120688DF8075005F01CFB012221899A
:1035EC00606803F0CBFF0E4A0C4BA0E79F2344E727
:1035FC009F23D7E79F23A9E79F2377E7D0020020DB
:10360C00000000200803002004030020EC0200202E
:10361C000C03002000030020EE0200200300002019
:10362C0004000020F3020020F0020020F20200202F
:10363C00F10200200200002001000020014B188044
:10364C00704700BFE002002030B4084C084D618088
:10365C00626020802B701378237253786372937896
:10366C00A372D378E37230BC704700BFE002002035
:10367C00F40200202DE9F04F944C83B08346894628
:10368C0090466189606800221F4603F077FF21890C
:10369C006068002203F072FF2A2300258DF80730A2
:1036AC000DF107010A230122206805F0B3FA2189E4
:1036BC006068012203F062FF61896068012203F0F7
:1036CC005DFF21896068002203F058FFDFF800A23B
:1036DC000A230DF10701012220688DF8075005F02F
:1036EC0099FA21896068012203F048FF9AF800607A
:1036FC0061896068012203F041FF5E442A462189FA
:10370C00606803F03BFFF6B20A230DF107010122BA
:10371C0020688DF8076005F07DFA21896068012228
:10372C0003F02CFF61896068012203F027FF2A4611
:10373C002189606803F022FF0A230DF107010122A1
:10374C0020688DF8075005F065FA21896068012220
:10375C0003F014FF9AF8006061896068012203F09D
:10376C000DFF4E442A462189606803F007FFF6B22C
:10377C000A230DF10701012220688DF8076005F07E
:10378C0049FA21896068012203F0F8FE2A46618912
:10379C00606803F0F3FE2A462189606803F0EEFEB0
:1037AC002B230DF107018DF8073001220A23206825
:1037BC0005F030FA21896068012203F0DFFE61898F
:1037CC006068012203F0DAFE2A462189606803F062
:1037DC00D5FEDFF800910A230DF1070101222068C4
:1037EC008DF8075005F016FA21896068012203F064
:1037FC00C5FE99F8006061896068012203F0BEFE85
:10380C0046442A462189606803F0B8FEF6B20A23C2
:10381C000DF10701012220688DF8076005F0FAF917
:10382C0021896068012203F0A9FE61896068012288
:10383C0003F0A4FE2A462189606803F09FFE0A2348
:10384C000DF10701012220688DF8075005F0E2F90F
:10385C0021896068012203F091FE99F8006061896A
:10386C006068012203F08AFE3E442A462189606882
:10387C0003F084FEF6B20A230DF107010122206841
:10388C008DF8076005F0C6F921896068012203F004
:10389C0075FE2A466189606803F070FE2A4621890C
:1038AC00606803F06BFE2C200DF107018DF807000A
:1038BC000A230122206805F0ADF9012221896068F4
:1038CC0003B0BDE8F04F03F059BE00BFD00200209A
:1038DC00F0020020F1020020F0B51546DFF868C0B8
:1038EC001A4F1B4E1B4C83B0CCF8000039600A46B3
:1038FC0031682368184CFFF7BDFE618960680122AE
:10390C0003F03CFE21896068002203F037FEC5F30A
:10391C0007218DF807100A230DF1070101222068F9
:10392C0005F078F90DF107010A23012220688DF8C2
:10393C00075005F06FF901222189606803B0BDE8DA
:10394C00F04003F01BBE00BFFC020020F802002078
:10395C000C03002008030020D00200202DE9F04FBA
:10396C0083468846974C984F984E994B994D83B007
:10397C006189C7F800B06068C6F800800022D5F8ED
:10398C0000901F6803F0FAFD21896068002203F0A3
:10399C00F5FD2A2300258DF807300DF107010A23C8
:1039AC000122206805F036F921896068012203F0B4
:1039BC00E5FD61896068012203F0E0FD2189606802
:1039CC00002203F0DBFDDFF810A20A230DF1070142
:1039DC00012220688DF8075005F01CF921896068D8
:1039EC00012203F0CBFD9AF8006061896068012226
:1039FC0003F0C4FD5E442A462189606803F0BEFDD5
:103A0C00F6B20A230DF10701012220688DF8076038
:103A1C0005F000F921896068012203F0AFFD61898E
:103A2C006068012203F0AAFD2A462189606803F030
:103A3C00A5FD0A230DF10701012220688DF807501E
:103A4C0005F0E8F821896068012203F097FD9AF8E7
:103A5C00006061896068012203F090FD4E442A46A3
:103A6C002189606803F08AFDF6B20A230DF1070183
:103A7C00012220688DF8076005F0CCF82189606878
:103A8C00012203F07BFD2A466189606803F076FD14
:103A9C002A462189606803F071FD2B230DF1070183
:103AAC008DF8073001220A23206805F0B3F821892C
:103ABC006068012203F062FD61896068012203F0F5
:103ACC005DFD2A462189606803F058FDDFF80C91F2
:103ADC000A230DF10701012220688DF8075005F02B
:103AEC0099F821896068012203F048FD99F800607B
:103AFC0061896068012203F041FD46442A46218910
:103B0C00606803F03BFDF6B20A230DF107010122B8
:103B1C0020688DF8076005F07DF821896068012226
:103B2C0003F02CFD61896068012203F027FD2A4611
:103B3C002189606803F022FD0A230DF1070101229F
:103B4C0020688DF8075005F065F82189606801221E
:103B5C0003F014FD99F8006061896068012203F09C
:103B6C000DFD3E442A462189606803F007FDF6B23C
:103B7C000A230DF10701012220688DF8076005F07A
:103B8C0049F821896068012203F0F8FC2A46618912
:103B9C00606803F0F3FC2A462189606803F0EEFCB0
:103BAC002C200DF107018DF807000A230122206853
:103BBC0005F030F801222189606803B0BDE8F04FB0
:103BCC0003F0DCBCD0020020FC020020F802002034
:103BDC00080300200C030020F0020020F10200205A
:103BEC0030B50C461546174A174B11682246174C30
:103BFC0083B01B68FFF73EFD61896068012203F00A
:103C0C00BDFC21896068002203F0B8FCC5F30721D4
:103C1C008DF807100A230DF107010122206804F02A
:103C2C00F9FF0DF107010A23012220688DF80750D6
:103C3C0004F0F0FF01222189606803B0BDE8304038
:103C4C0003F09CBC0C03002008030020D0020020D1
:103C5C000022F0B5384F394E396883B033680546C9
:103C6C001046FFF707FD01223B683668344C1644BA
:103C7C0003FB06666189606803F080FCB6080022CD
:103C8C002189606803F07AFC002E4DD0771EC5F3B5
:103C9C000726EDB20A2301220DF1070120688DF8E9
:103CAC00076004F0B7FF0A2301220DF10701206819
:103CBC008DF8075004F0AEFF0A2301220DF1070125
:103CCC0020688DF8076004F0A5FF0A2301220DF18E
:103CDC00070120688DF8075004F09CFF0A2301228D
:103CEC000DF1070120688DF8076004F093FF0A239B
:103CFC0001220DF1070120688DF8075004F08AFFAE
:103D0C000A2301220DF1070120688DF8076004F0E9
:103D1C0081FF0A23012220680DF107018DF807505D
:103D2C0004F078FF013FB5D201222189606803B00D
:103D3C00BDE8F04003F022BC0C0300200803002077
:103D4C00D0020020014B5888FFF782BFE002002010
:103D5C002DE9F0472C4C82B024880A9F844250D91C
:103D6C002A4D2D8895424CD98C428CBF4E1C661C1A
:103D7C009D4298BF05F1010A254D5FFA80FC88BF72
:103D8C0003F1010AD4B2A6EB0C06AAEB040AFFF766
:103D9C0071FC01226989686803F0F0FB5FFA8AFA0A
:103DAC00002229896868F6B203F0E8FBBAF1000F2B
:103DBC001FD0F6B14FF00009C7F30728FFB200245B
:103DCC000A2301220DF1070128688DF807800134C0
:103DDC0004F020FF0A23012228680DF107018DF859
:103DEC00077004F017FFA642EAD109F10109CA4590
:103DFC00E5D101222989686802B0BDE8F04703F0DB
:103E0C00BDBB02B0BDE8F087EE020020EC02002042
:103E1C00D00200202DE9F04F214B224C224A257A6A
:103E2C001B8816685B1BB3428946647A89B0C0F064
:103E3C001B821E4B1E491E680988091BB14202D207
:103E4C0000211960116012681E680392EB08154A74
:103E5C0004FB03F3927AE908821A02FB03F304339E
:103E6C009FB2002C00F010820025C9B25FFA86F8D0
:103E7C00DFF840A02E46DFF840B0002900F0E281C8
:103E8C0038460022CDE90457064B07255B68CDE97F
:103E9C0001201F5C039B03EBC204E4B214E000BFDF
:103EAC00EE020020E0020020FC020020F8020020BC
:103EBC00EC020020D0020020F0020020013D013471
:103ECC006B1CE4B200F0A08147FA05F3DA07F5D5D4
:103EDC000022BAF80A10DAF8040003F04FFB0022B3
:103EEC00BAF80810DAF8040003F048FB2A23012280
:103EFC008DF81F300DF11F010A23DAF8000004F0D1
:103F0C0089FE0122BAF80810DAF8040003F036FB37
:103F1C000122BAF80A10DAF8040003F02FFB002291
:103F2C00BAF80810DAF8040003F028FB0A2301227F
:103F3C000DF11F01DAF800008DF81F6004F06AFE25
:103F4C000122BAF80810DAF8040003F017FB9BF80A
:103F5C00003001222344DBB2BAF80A10DAF804006C
:103F6C00009303F00BFB0022BAF80810DAF80400F7
:103F7C0003F004FB009B01228DF81F300DF11F0193
:103F8C000A23DAF8000004F045FE0122BAF8081002
:103F9C00DAF8040003F0F2FA0122BAF80A10DAF89F
:103FAC00040003F0EBFA0022BAF80810DAF8040067
:103FBC0003F0E4FA0A2301220DF11F01DAF80000E4
:103FCC008DF81F6004F026FE0122BAF80810DAF80A
:103FDC00040003F0D3FA01229BF80030144423446C
:103FEC00DBB2BAF80A10DAF80400009303F0C6FA50
:103FFC000022BAF80810DAF8040003F0BFFA009BAC
:10400C0001228DF81F300DF11F010A23DAF8000090
:10401C0004F000FE0122BAF80810DAF8040003F0EC
:10402C00ADFA0022BAF80A10DAF8040003F0A6FA86
:10403C000022BAF80810DAF8040003F09FFA2B23D8
:10404C0001228DF81F300DF11F010A23DAF8000050
:10405C0004F0E0FD0122BAF80810DAF8040003F0CD
:10406C008DFA0122BAF80A10DAF8040003F086FA85
:10407C000022BAF80810DAF8040003F07FFA0A23D9
:10408C0001220DF11F01DAF800008DF81F6004F019
:10409C00C1FD0122BAF80810DAF8040003F06EFA38
:1040AC007B4B01221B78BAF80A104344DBB2DAF8D6
:1040BC000400009303F062FA0022BAF80810DAF850
:1040CC00040003F05BFA009B01228DF81F300DF108
:1040DC001F010A23DAF8000004F09CFD0122BAF853
:1040EC000810DAF8040003F049FA0122BAF80A10B1
:1040FC00DAF8040003F042FA0022BAF80810DAF8F1
:10410C00040003F03BFA0A2301220DF11F01DAF837
:10411C0000008DF81F6004F07DFD0122BAF8081034
:10412C00DAF8040003F02AFA0122594B08EB0201D9
:10413C001B78DAF804000B44DBB2BAF80A100093CF
:10414C0003F01CFA0022BAF80810DAF8040003F0A5
:10415C0015FA009B01228DF81F300DF11F010A2367
:10416C00DAF8000004F056FD0122BAF80810DAF86B
:10417C00040003F003FA0022BAF80A10DAF804007B
:10418C0003F0FCF90022BAF80810DAF8040003F086
:10419C00F5F92C2301228DF81F300DF11F010A2394
:1041AC00DAF8000004F036FD0122BAF80810DAF84B
:1041BC00040003F0E3F90022BAF80810DAF804005E
:1041CC0003F0DCF90122BAF80A10DAF8040003F063
:1041DC00D5F9C9F307210A2301228DF81F10DAF84B
:1041EC0000000DF11F0104F015FD013D0A23012211
:1041FC00DAF800000DF11F018DF81F9004F00AFD94
:10420C006B1CE4B27FF460AEDDE90120214B01327E
:10421C001B7A0130D908B2EBD30F0C46FFF634AE43
:10422C00DDE904571B4B6A1C5B7A95B23C44AB42EC
:10423C00A7B207D908F10108C9B25FFA88F80029BA
:10424C007FF41EAEBAF80810DAF80400012203F06D
:10425C0095F9002210461049104B09681B6809B0EB
:10426C00BDE8F04FFFF706BA002313600C4B0D4E60
:10427C0019682144196007494968B1427FF4DAADE5
:10428C00196802311960D5E5DFF81CA0DAE700BF28
:10429C00F1020020E00200200C03002008030020A3
:1042AC00F802002084A70008D00200202DE9F04F6E
:1042BC00534BDFF850A1544F1D889AF808C0904614
:1042CC003A68A5EB0C05954204460E469AF809305F
:1042DC0085B0C0F084804D4D4D4A29681288D21AA1
:1042EC008A4202D200222A603A6038683A68013A5F
:1042FC0002EB0C012A682D68013D2B44454DFFF75C
:10430C00B9F901226989686803F038F90022298912
:10431C00686803F033F99AF808309AF80920DB083A
:10432C0002FB03F39AF80A20A21A03FB02F20432EE
:10433C0092B2002B43D04FF0000BC8F30729019227
:10434C00019BDAF804105B449BB20724CF5C0EE0AF
:10435C008DF80FC004F05EFC0A23012228680DF1D1
:10436C000F018DF80F6004F055FC013C1CD347FA8B
:10437C0004F313F0010F4FF001024FF00A03286809
:10438C00C6F3072C0DF10F01E2D18DF80F9004F05C
:10439C0041FC0A23012228680DF10F018DF80F80D2
:1043AC0004F038FC013CE2D29AF808309AF8091073
:1043BC00DB0801FB03F30BF1010B5B45C0DC298926
:1043CC006868012203F0DAF8002210461249134BF8
:1043DC0009681B6805B0BDE8F04FFFF74BB9002228
:1043EC000A4D3A602A680E491A442A60DAF8042009
:1043FC008A427FF471AF2A6802322A606CE700BFF0
:10440C00EE020020E0020020FC020020F802002056
:10441C00EC020020D00200200C0300200803002036
:10442C0084A700082DE9F04F97B291B084B29BB2EB
:10443C000C941FFA81FA3C1BA3EB0A0B0FFA84FEB7
:10444C000FFA8BFCBEF1000F81460A4666461A9D98
:10445C001FFA8BF840F0A081BCF1000F00F09A839A
:10446C00C0F2A283AAEB03030FB299B219441EB295
:10447C008BB20C930123CDF828E000B20793C5F35F
:10448C0007230293EBB203934FF00009094B0A493F
:10449C0001930A4BC8460093094B0A4C04930DF147
:1044AC003F05CDF834A0CDF820C0CDF82CE0069017
:1044BC00099117E0080300200C030020F0020020F3
:1044CC00F1020020D00200200C9A0A991344069A9B
:1044DC001EB20A4413B20693089B09F101094B451D
:1044EC0000F05081099B0022D3F800B0019B618938
:1044FC001B686068059303F041F80022218960680D
:10450C0003F03CF82A23012229468DF83F3020681D
:10451C000A2304F07FFB01222189606803F02EF846
:10452C0001226189606803F029F800222189606802
:10453C0003F024F80A230122294620688DF83F80D5
:10454C0004F068FB01222189606803F017F8009BD6
:10455C0006981B7801220344618960685FFA83FA2C
:10456C0003F00CF800222189606803F007F80A2395
:10457C000122294620688DF83FA004F04BFB012254
:10458C002189606802F0FAFF01226189606802F0FB
:10459C00F5FF00222189606802F0F0FF0A23012256
:1045AC00294620688DF83F8004F034FB01222189D4
:1045BC00606802F0E3FF009B01221B786189606850
:1045CC009B4402F0DBFF00222189606802F0D6FFD9
:1045DC005FFA8BFB0A230122294620688DF83FB035
:1045EC0004F018FB01222189606802F0C7FF002249
:1045FC006189606802F0C2FF00222189606802F0C4
:10460C00BDFF2B23012229468DF83F3020680A2359
:10461C0004F000FB01222189606802F0AFFF012247
:10462C006189606802F0AAFF00222189606802F0AB
:10463C00A5FF0A230122294620688DF83F8004F04B
:10464C00E9FA01222189606802F098FFDDF810A0D8
:10465C0001229AF800B06189606802F08FFFBB44B8
:10466C0000222189606802F089FF5FFA8BFB0A2324
:10467C000122294620688DF83FB004F0CBFA0122C4
:10468C002189606802F07AFF01226189606802F07A
:10469C0075FF00222189606802F070FF0A23012255
:1046AC00294620688DF83F8004F0B4FA0122218954
:1046BC00606802F063FF9AF800300599012203EB61
:1046CC00010A6068618902F059FF00222189606843
:1046DC0002F054FF5FFA8AFA0A2301222946206865
:1046EC008DF83FA004F096FA01222189606802F04F
:1046FC0045FF00226189606802F040FF0022218999
:10470C00606802F03BFF2C23012229468DF83F30D4
:10471C0020680A2304F07EFA01222189606802F0E5
:10472C002DFF01226189606802F028FF0022218997
:10473C00606802F023FF02990A2301228DF83F10D2
:10474C002068294604F066FA03990A2301228DF8A1
:10475C003F102068294604F05DFA01222189606827
:10476C0002F00CFF079B002E1F443FB2B3B2BFF602
:10477C00ABAE0B9A09F1010913441EB2089B4B45D1
:10478C007FF4B0AE9C46DDF834A0079B06980CFB7A
:10479C0003A2099917B2AFE180F202820C99CF1BE8
:1047AC004FF0FF31BCB20A910FFA87FE002EC0F217
:1047BC00CD810123E6450793C0F2D4814FEA480826
:1047CC001FFA88FCACEB0406341BA3B20D93C5F3A3
:1047DC0007230293BEF1000FEBB20FFA89F017B268
:1047EC0036B2039340F3EE814FF00009BDF8283048
:1047FC0009490893094B06970193094BC846009346
:10480C00084B0746084C04930DF13F05CDF824E006
:10481C00CDF82CC00A9117E00C03002008030020EF
:10482C00F0020020F1020020D00200200D9909F1C5
:10483C0001090B44DDE906210A441EB213B20693AA
:10484C00099B4B4500F050810A9B0022D3F800B025
:10485C00019B61891B686068059302F08FFE002242
:10486C002189606802F08AFE2A23012229468DF8EC
:10487C003F3020680A2304F0CDF9012221896068B9
:10488C0002F07CFE01226189606802F077FE002252
:10489C002189606802F072FE0A23012229462068F1
:1048AC008DF83F8004F0B6F901222189606802F08E
:1048BC0065FE009B01221B7861893B4460685FFAAE
:1048CC0083FA02F05BFE00222189606802F056FE3A
:1048DC000A230122294620688DF83FA004F09AF99A
:1048EC0001222189606802F049FE01226189606819
:1048FC0002F044FE00222189606802F03FFE0A2388
:10490C000122294620688DF83F8004F083F90122AA
:10491C002189606802F032FE009B01221B786189BC
:10492C0060689B4402F02AFE00222189606802F034
:10493C0025FE5FFA8BFB0A230122294620688DF89D
:10494C003FB004F067F901222189606802F016FE7D
:10495C0000226189606802F011FE002221896068E2
:10496C0002F00CFE2B23012229468DF83F302068E3
:10497C000A2304F04FF901222189606802F0FEFD40
:10498C0001226189606802F0F9FD002221896068CA
:10499C0002F0F4FD0A230122294620688DF83F809D
:1049AC0004F038F901222189606802F0E7FDDDF896
:1049BC0010A0069B9AF800B00122618960689B44A4
:1049CC0002F0DCFD00222189606802F0D7FD5FFA5D
:1049DC008BFB0A230122294620688DF83FB004F096
:1049EC0019F901222189606802F0C8FD0122618950
:1049FC00606802F0C3FD00222189606802F0BEFDF0
:104A0C000A230122294620688DF83F8004F002F920
:104A1C0001222189606802F0B1FD9AF800300599F5
:104A2C00012203EB010A6068618902F0A7FD0022F4
:104A3C002189606802F0A2FD5FFA8AFA0A2301223A
:104A4C00294620688DF83FA004F0E4F80122218962
:104A5C00606802F093FD00226189606802F08EFDAF
:104A6C0000222189606802F089FD2C23012229464D
:104A7C008DF83F3020680A2304F0CCF801222189FC
:104A8C00606802F07BFD01226189606802F076FDAE
:104A9C0000222189606802F071FD02990A2301222B
:104AAC008DF83F102068294604F0B4F803990A23C6
:104ABC0001228DF83F102068294604F0ABF82189BB
:104ACC000122606802F05AFD0899002E0F443FB293
:104ADC00B3B2BFF6ABAE0B9A09F1010913441EB287
:104AEC00099B4B457FF4B0AE9E46089A0C9B069FE3
:104AFC000EFB02330A9918B2019B3A4609681B68EF
:104B0C00FEF7B8FD61896068012202F037FD21894A
:104B1C006068002202F032FD02990A238DF83F10E2
:104B2C0001222946206804F075F8039829468DF86F
:104B3C003F000A230122206804F06CF8012221892D
:104B4C00606811B0BDE8F04F02F018BD4FF6FF7170
:104B5C00AAEB03030FFA83FCE64507911FFA83F8CF
:104B6C00BFF62CAE64001FFA84FEAEEB0806A6EB73
:104B7C0008081FFA88F30C93C5F307230293BCF1C2
:104B8C00000FEBB20FFA89F017B236B203933FF76E
:104B9C007BAC17E02A4611B0BDE8F04FFFF720B808
:104BAC000121A4B20A9101E6AAEB03030FFA83FCDC
:104BBC00BCF1000F0DDCC5F307230293EBB200B27E
:104BCC000FB20393084B0949094C01930DF13F05B2
:104BDC0092E7D8441FFA88F30C93CDF828E04FF6EF
:104BEC00FF7300B20FB249E4080300200C0300204D
:104BFC00D00200202DE9F04F550087B00024164656
:104C0C0080468946DFF82CA14B4F0293C5F1030572
:104C1C0009E0A31B013E013405EB8303A64203F11B
:104C2C000A05C0F2848009EB06030393A9EB060383
:104C3C00049308EB06030093A8EB06030193BAF860
:104C4C00002004EB080B5A4515D93B88039999426F
:104C5C0008D2029A5846FEF73FFEBAF800205A4591
:104C6C0009D93B8804998B4205D9029A5846FEF71C
:104C7C0033FEBAF80020A8EB040B934515D23B8801
:104C8C000399994208D2029A5846FEF725FEBAF8C3
:104C9C0000205A4509D93B8804998B4205D9029AC0
:104CAC005846FEF719FEBAF80020009809EB0403E9
:104CBC009042A9EB040B19D2398899420BD91946A9
:104CCC00029A0593FEF708FEBAF800200098059B9F
:104CDC0090420BD23988594508D9029A5946009806
:104CEC000593FEF7F9FDBAF80020059B0198904258
:104CFC0013D23A889A4209D91946029AFEF7ECFD6A
:104D0C00BAF800300198984207D23A885A4504D92B
:104D1C00DDE901025946FEF7DFFD002DBFF679AF44
:104D2C0005EB84050134B44205F1060587DD07B0B7
:104D3C00BDE8F08FEE020020EC0200202DE9F04FD0
:104D4C0000248046894615461E4687B0C2F10107ED
:104D5C0004E0A24203F105073BDB154605EB090312
:104D6C00059305EB0803A9EB050BA8EB050A0293C9
:104D7C00059BA8EB040008EB04021946009604926C
:104D8C000390FFF74FFB5B465946049A0398009635
:104D9C00FFF748FB04EB090319465046029A0096AC
:104DAC00FFF740FBA9EB04031946029A5046009604
:104DBC00FFF738FB631B002F04F1010405F1FF32F0
:104DCC0007EB430307EB4401C3DAA54201F10107EA
:104DDC00CEDA07B0BDE8F08F2DE9F04F83B0044672
:104DEC008B46FBF7ADF9002835D006460025DFF8D9
:104DFC00B0816C4FDFF8B0A12078D02832D0D12808
:104E0C0056D0C22809BF6078013406F1FF3602344F
:104E1C000A2823D00D2832D0F82802D0B02840F030
:104E2C009D80D8F800903B68D8F800003968019351
:104E3C0002225B4603300531FFF7DCFEBDF804307F
:104E4C001FFA89F93B609AF808304B44C8F80030D7
:104E5C000135B542D0DB03B0BDE8F08F0023C8F8B4
:104E6C000030F5E76078013E842804F1020451D04B
:104E7C0087283DD0812828D01138C0B2C8E73A68BD
:104E8C009AF809309AF808101344484A3B60138882
:104E9C003A685B1A934238BF0023DAF8042038BF13
:104EAC003B60434B9A42D3D13B6802333B60CFE724
:104EBC006078013E942804F1020446D097283BD038
:104ECC00912830D02F30C0B2A2E7DFF8DC90384BFD
:104EDC00D9F80420C3209A4212D05946FEF79AFF03
:104EEC00D8F8002099F808301344C8F80030AFE720
:104EFC00DFF8B4902E4BD9F80420C2209A42ECD1A2
:104F0C005946FEF787FF264A99F8083011680B447A
:104F1C0013609DE7DFF89090254BD9F80420C12051
:104F2C009A42DAD1ECE7DFF88090214BD9F80420D3
:104F3C00C4209A42D1D1E3E7DFF86C901C4BD9F82E
:104F4C000420C0209A42C8D1DAE7DFF85C90184BF5
:104F5C00D9F80420BF209A42BFD1D1E7DFF848909E
:104F6C00134BD9F804209A42B7D12E2815D1DFF86B
:104F7C0030900C4AD9F800300233C9F80030D9F817
:104F8C00000011685B4602222731FFF7D7FED9F8E3
:104F9C0000300433C9F800305AE72C28E7D0AFE7CB
:104FAC00FC020020F8020020E0020020EC020020AD
:104FBC0084A700082DE9F04F90F800A085B001926D
:104FCC00BAF1000F2ED0044601308846FBF7B8F832
:104FDC000025461C50467D4FDFF8F4B1D02824D074
:104FEC00D12854D0C22861D001340A282ED00D28E3
:104FFC0034D0F82860D0DFF8D891764BD9F804205B
:10500C009A4200F0C680A2464146019AFFF74EF93B
:10501C00714999F808300A6801351344B542544671
:10502C000B6019DB05B0BDE8F08F607804F1020A63
:10503C00842806F1FF3600F08480872877D08128F9
:10504C0060D01138C0B20A285446D0D10023624A2D
:10505C0013600135B542E5DA2078BFE73A689BF872
:10506C0009309BF8081013443B605C4B3A681B8872
:10507C005B1A934238BF0023DBF8042038BF3B6037
:10508C00544B9A42E5D13B6802333B60E1E76078D0
:10509C0004F1020A942806F1FF3670D0972864D0E8
:1050AC00912858D02F305446C0B29EE76078013E0C
:1050BC00B02804F1020498D1DFF81C91DFF80CA1A0
:1050CC00D9F80030DAF800C041462020019A02934A
:1050DC00CDF80CC0FFF7EAF8D9F80000DAF80010A8
:1050EC000222434603300531FFF784FD384B1A7A10
:1050FC00BDF808301344BDF80C20CAF80020C9F8DC
:10510C000030A6E7DFF8C890324BD9F80420C32052
:10511C009A427FF479AF4146019AFFF7C7F82E4ABD
:10512C0099F80830116854460B44136091E7DFF886
:10513C00A090284BD9F80420C2209A427FF464AF87
:10514C00E9E7DFF88C90234BD9F80420C1209A4270
:10515C007FF45AAFDFE7DFF878901E4BD9F80420C4
:10516C00C4209A427FF450AFD5E7DFF86490194B16
:10517C00D9F80420C0209A427FF446AFCBE7DFF881
:10518C005090144BD9F80420BF209A427FF43CAFC6
:10519C00C1E700F0FD032C2B15D1DFF83C900B4A36
:1051AC00D9F800300233C9F80030D9F80000116882
:1051BC00434602222731FFF7C1FDD9F800300433F2
:1051CC00C9F8003045E7A246A5E700BFF802002069
:1051DC00E002002084A70008FC020020EC02002062
:1051EC00044A054B127819880AB1FFF7F5BD5A88A5
:1051FC00FFF7E0BEF4020020E00200202DE9F04FA2
:10520C000E469246A04CDFF884E2DFF884C2A14B34
:10521C00A14D83B00746CEF800600022CCF800A068
:10522C0061896068D5F80090D3F8008002F0A6F987
:10523C0000222189606802F0A1F92A2300250122AD
:10524C008DF807300DF107010A23206803F0E2FC0A
:10525C0001222189606802F091F90122618960685C
:10526C0002F08CF900222189606802F087F9DFF8DE
:10527C002CB20A2301220DF1070120688DF807508A
:10528C0003F0C8FC01222189606802F077F99BF8D1
:10529C0000300122618960681E4402F06FF92A46D1
:1052AC002189606802F06AF9F6B20A2301220DF135
:1052BC00070120688DF8076003F0ACFC01222189FE
:1052CC00606802F05BF901226189606802F056F9AE
:1052DC002A462189606802F051F90A2301220DF156
:1052EC00070120688DF8075003F094FC01222189F6
:1052FC00606802F043F99BF80060012261896068E4
:10530C0002F03CF94E442A462189606802F036F9D5
:10531C00F6B20A2301220DF1070120688DF807600F
:10532C0003F078FC01222189606802F027F92A46F3
:10533C006189606802F022F92A462189606802F0CE
:10534C001DF92B2301228DF807300DF107010A23DB
:10535C00206803F05FFC01222189606802F00EF9DD
:10536C0001226189606802F009F92A462189606886
:10537C0002F004F9DFF828910A2301220DF107014C
:10538C0020688DF8075003F045FC012221896068E4
:10539C0002F0F4F899F8006001226189606802F06B
:1053AC00EDF856442A462189606802F0E7F8F6B217
:1053BC000A2301220DF1070120688DF8076003F024
:1053CC0029FC01222189606802F0D8F80122618948
:1053DC00606802F0D3F82A462189606802F0CEF8A2
:1053EC000A2301220DF1070120688DF8075003F004
:1053FC0011FC01222189606802F0C0F899F8006064
:10540C0001226189606802F0B9F846442A46218974
:10541C00606802F0B3F8F6B20A2301220DF107011D
:10542C0020688DF8076003F0F5FB01222189606884
:10543C0002F0A4F82A466189606802F09FF82A46B7
:10544C002189606802F09AF82C200A2301220DF1C0
:10545C0007018DF80700206803F0DCFB012221898D
:10546C00606802F08BF80F4A0F4B12783846198897
:10547C0022B103B0BDE8F04FFFF7AEBC5A8803B0C1
:10548C00BDE8F04FFFF796BDD0020020FC020020D3
:10549C00F8020020080300200C030020F00200207A
:1054AC00F1020020F4020020E0020020F0B50028F8
:1054BC0087B045DB0024012122460928C8BF4FF0E4
:1054CC000A0C25DD0CEB8C03B0EB430F4FEA430CBD
:1054DC00F8D21F4FBCF1130FA7FB0C534FEAD303A9
:1054EC0016D9B0FBF3FE11469C46A7FB03240EF124
:1054FC0030064A1C0DEB0105BCF1130F03FB1E001B
:10550C00D2B22E714FEAD403EBD814460231C9B291
:10551C0000260DEB0403303018710E4B0E4D1B782A
:10552C000DEB01021671298823B101A8FFF754FC79
:10553C0007B0F0BD6A8801A8FFF73CFD07B0F0BDCD
:10554C002D2301240221224640428DF80430B4E779
:10555C00CDCCCCCCF4020020E00200202DE9F04FA1
:10556C0092460E469B4CDFF870E2DFF870C29C4B03
:10557C009C4D83B00746CEF800606189CCF800A042
:10558C0060680022D5F80090D3F8008001F0F6FF97
:10559C0021896068002201F0F1FF2A2300258DF893
:1055AC0007300DF107010A230122206803F032FBBA
:1055BC0021896068012201F0E1FF618960680122A4
:1055CC0001F0DCFF21896068002201F0D7FFDFF8D1
:1055DC0018B20A230DF10701012220688DF807503B
:1055EC0003F018FB21896068012201F0C7FF9BF8CA
:1055FC0000306189606801221E4401F0BFFF2A4619
:10560C002189606801F0BAFFF6B20A230DF1070197
:10561C00012220688DF8076003F0FCFA218960688C
:10562C00012201F0ABFF61896068012201F0A6FF45
:10563C002A462189606801F0A1FF0A230DF10701B8
:10564C00012220688DF8075003F0E4FA2189606884
:10565C00012201F093FF9BF80060618960680122D0
:10566C0001F08CFF4E442A462189606801F086FFC8
:10567C00F6B20A230DF10701012220688DF80760AC
:10568C0003F0C8FA21896068012201F077FF2A46ED
:10569C006189606801F072FF2A462189606801F017
:1056AC006DFF2B230DF107018DF8073001220A2322
:1056BC00206803F0AFFA21896068012201F05EFFD7
:1056CC0061896068012201F059FF2A4621896068CE
:1056DC0001F054FFDFF814910A230DF107010122A8
:1056EC0020688DF8075003F095FA21896068012233
:1056FC0001F044FF99F8006061896068012201F0B3
:10570C003DFF56442A462189606801F037FFF6B206
:10571C000A230DF10701012220688DF8076003F0C0
:10572C0079FA21896068012201F028FF618960689B
:10573C00012201F023FF2A462189606801F01EFF37
:10574C000A230DF10701012220688DF8075003F0A0
:10575C0061FA21896068012201F010FF99F800605C
:10576C0061896068012201F009FF46442A462189BB
:10577C00606801F003FFF6B20A230DF10701012264
:10578C0020688DF8076003F045FA218960680122D2
:10579C0001F0F4FE2A466189606801F0EFFE2A46AA
:1057AC002189606801F0EAFE2C200A230DF1070123
:1057BC008DF807000122206803F02CFA60680122A2
:1057CC00218901F0DBFE384603B0BDE8F04FFFF74E
:1057DC006DBE00BFD0020020FC020020F8020020A9
:1057EC00080300200C030020F0020020F10200202E
:1057FC000E4B82B09A690E4942F001029A619A6985
:10580C0002F001020092009ADA6942F08052DA61E9
:10581C00DB6903F080530193019B4B6823F0E06339
:10582C0043F000734B6002B0704700BF00100240A1
:10583C0000000140002330B5154A016887B0914241
:10584C00CDE90233CDE9043301D007B030BD2C24AF
:10585C00032503F1804303F504339A690D4842F4A0
:10586C0000729A619A6902A902F400720092009A7D
:10587C009A6942F004029A619B69CDE9024503F0F2
:10588C0004030193019B01F06DFC07B030BD00BF18
:10589C0000240140000801400023D0B5184A0168DB
:1058AC0086B09142CDE90233CDE9043301D006B084
:1058BC00D0BD03224FF440761227124C1248A36934
:1058CC0002A943F00803A361A369059203F008033E
:1058DC000093009BCDE9026701F044FC0B4A53682E
:1058EC0043F0E06343F002035360E36943F40013B5
:1058FC00E361E36903F400130193019B06B0D0BD8F
:10590C000054004000100240000C01400000014017
:10591C00D0B500241A4B026886B09A42CDE90244F5
:10592C00CDE9044401D006B0D0BD03F5EC33DA69FF
:10593C004FF4204642F48042DA61DA69022702F41D
:10594C0080420092009A9A6902A942F008029A6178
:10595C009B690C4803F0080301930323019A0593F8
:10596C00CDE9026701F0FEFB4FF4804200230548AD
:10597C0002A9CDE90223049401F0F4FB06B0D0BDDA
:10598C0000380040000C014000B5036883B0B3F14F
:10599C00804F04D0134A93420ED003B000BD03F5E0
:1059AC000433DA6942F00102DA61DB6903F00103C6
:1059BC000093009B03B000BD0B4B0022D869012162
:1059CC0040F00400D861DB691E2003F0040301934E
:1059DC00019B01F067FB1E2003B05DF804EB01F0A6
:1059EC009BBB00BF0008004000100240002370B5B4
:1059FC00026886B0B2F1804FCDE90233CDE90433B1
:105A0C0001D006B070BD02264FF48064022503F16C
:105A1C00804303F504339A6902A942F008029A61A3
:105A2C009A69134802F008020092009A9A6942F0AF
:105A3C0004029A619B69CDE9024503F004030193CA
:105A4C00019B059601F08EFB4FF40042022309489E
:105A5C0002A9CDE90223059601F084FB064A53689E
:105A6C0043F0E06343F44073536006B070BD00BF75
:105A7C00000C01400008014000000140FEE700BF9F
:105A8C00FEE700BFFEE700BFFEE700BFFEE700BF7A
:105A9C00704700BF704700BF704700BF08B505488E
:105AAC00FBF790F80448FBF78DF8BDE8084000F0D0
:105ABC00B7BF00BFF80000209400002010B5224CA6
:105ACC0023780133DBB2642B237031D900231F4AB6
:105ADC0023701288002210211D4801F04FFD1D4B30
:105AEC0022781B8808219BB29A4234BF01220022E3
:105AFC00174801F043FD184B22781B8802219BB2FA
:105B0C009A4234BF01220022114801F037FD134B99
:105B1C0022781B880E489BB29A4234BF0122002285
:105B2C00202101F02BFDBDE810400D4803F014BFFF
:105B3C00064A128892B29342CCD901221021044811
:105B4C0001F01CFDCBE700BF100300208E000020ED
:105B5C00000C01408C0000208A00002088000020EE
:105B6C005C0100200D49034610B50D4A0D4C086828
:105B7C00121B20B10344934207D80B6010BD0A4C92
:105B8C002046034493420C60F7D903F0E1FF0C224A
:105B9C0003464FF0FF301A6010BD00BF1403002005
:105BAC0000500020000400002005002084462DE950
:105BBC00F04100250E46BCE80F004FF46028012789
:105BCC000F4C04F1580EAEE80F00BCE80F00AEE825
:105BDC000F009CE80F00C4F890608EE80F00A665DB
:105BEC0084F8645084F86C50C4F8748004F1580044
:105BFC00C4E91755A766BDE8F04100F035BF00BFFA
:105C0C001803002038B50546104B0C46582229467F
:105C1C00184603F0C9FF4FF48271034600224FF47B
:105C2C0000751820C3E900410A21D861C3E902229A
:105C3C001846C3E90422C3E90822C3E90A21C3F8C0
:105C4C0088409D61BDE8384002F086BF18030020F3
:105C5C0000B5DDF804E0BDF80CC00382029BC0F86F
:105C6C0008E041618361A0F822C022B10123428681
:105C7C0080F8303000BD134680F8303000BD00BFD6
:105C8C0001608280704700BF9DF804C0C261009A19
:105C9C00C160C262038480F829C07047F0B501224C
:105CAC000646032385B0CDE90223F36801A92E48EB
:105CBC00019301F0A5F82C4801F07CF964212A48E5
:105CCC0000F0CEFF284801F097F80746264800F070
:105CDC0089FFF56AC5EB0530FAF7F0FA0446B8B25D
:105CEC00FAF7ECFA01462046FAF7F4FB044628468C
:105CFC00FAF7E4FA01462046FAF72EFA96F829400C
:105D0C000546D4B9378C97B1F669023E02E00134EE
:105D1C00A7420CD036F8020FFAF7D4FA2946FAF754
:105D2C00CDFC0028F3D0A0B2FAF7C8FA05462846F5
:105D3C00FAF7E2FCC0B205B0F0BD012CF7D1378CFC
:105D4C00002FF4D0F6690024023E02E00134BC427C
:105D5C00EDD036F8020FFAF7B5FA2946FAF7B8FC87
:105D6C000028F3D0DFE700BF70030020F0B5012955
:105D7C000C46054685B06DD0022904D003291DD0F0
:105D8C00002005B0F0BD81880022006801F0F6FB10
:105D9C000A23224601A96B4803F0C4F928680122A2
:105DAC00A98801F0EBFBBDF804305BBA98B25B0735
:105DBC004CBF4FF6FF70400905B0F0BD012382685F
:105DCC0001A96148CDE90234019201F019F85E484D
:105DDC0001F0F0F864215C4800F042FF5A4801F0F1
:105DEC000BF80746584800F0FDFE6E6AC6EB06300D
:105DFC00FAF764FA0446B8B2FAF760FA014620469C
:105E0C00FAF768FB04463046FAF758FA0146204682
:105E1C00FAF7A2F995F828400646002C6CD16F8C45
:105E2C0097B1AD69023D02E00134BC420CD035F8AB
:105E3C00020FFAF747FA3146FAF740FC0028F3D084
:105E4C00A0B2FAF73BFA06463046FAF755FCC0B258
:105E5C0005B0F0BD0323826801A93B48CDE90124BC
:105E6C00039300F0CDFF384801F0A4F864213648C4
:105E7C0000F0F6FE344800F0BFFF0446324800F054
:105E8C00B1FEA0B2FAF71AFA95F830300446002B9E
:105E9C004DD06F8E288AFAF715FA01462046FAF78C
:105EAC005BF92A4B1968FAF761FA2949FAF75EFA95
:105EBC002849FAF70FFB6969FAF70CFB0446AE693F
:105ECC0036F81700FAF7FEF92146FAF747F96D8C08
:105EDC000746002D31D00024023E02E00134A542D9
:105EEC0020D036F8020FFAF7EDF93946FAF7F0FB45
:105EFC000028F3D0A0B244E7012CA5D16F8C002F61
:105F0C00A2D0AD690024023D02E00134A7429BD02F
:105F1C0035F8020FFAF7D6F93146FAF7D9FB002813
:105F2C00F3D08DE73846FAF7E7FB80B229E728462D
:105F3C00FFF7B4FE07466886ACE7FAF7DDFB80B2E4
:105F4C001FE700BF1803002070030020080000208A
:105F5C000024744900F07F4510B501220323044648
:105F6C0084B001A90B48CDE90142039300F048FF2E
:105F7C00084801F01FF86421064800F071FE05483E
:105F8C0000F03AFF0446034800F02CFEA0B204B027
:105F9C0010BD00BF700300202DE9F043052500263D
:105FAC004FF0010881460F4685B0032301A91A481A
:105FBC000393CDE9017800F023FF174800F0FAFFB6
:105FCC006421154800F04CFE134800F015FF044600
:105FDC00114800F007FEA0B2FAF774F901463046FA
:105FEC00FAF7BCF80646642000F02CFD6B1E13F08B
:105FFC00FF05DAD148460949FAF7B8F908490446C9
:10600C003046FAF767FA01462046FAF763FA054D6F
:10601C00286005B0BDE8F0837003002000F07F45D8
:10602C000000A0400800002070B5002284B04FF49E
:10603C000051224801F0A2FA64249F22A525009465
:10604C008DF80E200DF10E010DF10F0201231C48ED
:10605C0002F0F2FE00940DF10F020DF10E0101237E
:10606C0017488DF80E5002F0E7FE00940DF10F0268
:10607C000DF10E01012312489DF80F608DF80E50A2
:10608C0002F0DAFE012300940DF10F020DF10E0166
:10609C000B489DF80F408DF80E5002F0CDFE0122FA
:1060AC004FF4005105489DF80F5001F067FA20029B
:1060BC0040EA0640284304B070BD00BF0010014008
:1060CC00F0010020F0B5002285B04FF400512048BB
:1060DC0001F054FA64254B2201238DF80E201D4843
:1060EC0000950DF10F020DF10E0102F0A5FE042436
:1060FC00A526012317480DF10F020DF10E01009595
:10610C008DF80E6002F098FE631E13F0FF04F0D1C0
:10611C00A5276426104C04F1080501230D480DF148
:10612C000F020DF10E0100968DF80E7002F084FE38
:10613C009DF80F3004F8013FAC42EED101224FF430
:10614C000051034805B0BDE8F04001F017BA00BF9C
:10615C0000100140F0010020AC03002070B50120BC
:10616C0084B000F06FFC00224FF40051184801F08D
:10617C0005FA6422052100928DF80E1001231548B2
:10618C000DF10F020DF10E0102F056FEA526124C78
:10619C00642501230DF10F020DF10E010D48009540
:1061AC008DF80E6002F048FE9DF80F30012084F847
:1061BC00243000F047FC94F82430DB07E8D40122AB
:1061CC004FF40051024804B0BDE8704001F0D6B95C
:1061DC0000100140F0010020AC030020012370B539
:1061EC008B4C84B084F8273002E0012000F02AFCAC
:1061FC0000F022FC6328F8D901224FF400518548A5
:10620C0001F0BCF9642000F01DFCFFF70DFFC0B2DB
:10621C0011380F2811D8DFE810F0AC00B300BB0028
:10622C00C300CC00D500DE001600F10010001000F9
:10623C001000100010001000E7000020002384F86C
:10624C00273004B070BD08254FF480714FF48043A3
:10625C004FF480304FF48052E16162614FF48071F1
:10626C004FF4803223624FF4805325702361E06039
:10627C006181A261FFF726FF00224FF400516548AF
:10628C0001F07CF964250522A5268DF80E200DF170
:10629C000E010DF10F02012300955F4802F0CCFDB9
:1062AC000DF10F020DF10E01012300955A488DF8E6
:1062BC000E6002F0C1FD9DF80F3001224FF4005129
:1062CC00544884F8243001F059F900224FF400515D
:1062DC00504801F053F935230DF10F028DF80E30B3
:1062EC000DF10E01012300954B4802F0A5FD0DF1B7
:1062FC000F020DF10E010123009547488DF80E6039
:10630C0002F09AFD9DF80F3001224FF400514148E4
:10631C0084F8253001F032F900224FF400513D4849
:10632C0001F02CF915230DF10F028DF80E300DF143
:10633C000E0101230095384802F07EFD0DF10F028D
:10634C000DF10E010123009533488DF80E6002F01B
:10635C0073FD9DF80F3001224FF400512D4884F845
:10636C00263001F00BF90120002384F8273004B00B
:10637C0070BD0125022180234FF4007020226BE7B1
:10638C00022504214FF480734FF48060402263E7B0
:10639C00032508214FF400734FF4006080225BE763
:1063AC00042510214FF480634FF480504FF4807219
:1063BC0052E7052520214FF400634FF400504FF4B1
:1063CC00007249E7062540214FF480534FF480407A
:1063DC004FF4806240E7072580214FF400534FF4BF
:1063EC0000404FF4006237E70A254FF480614FF408
:1063FC0080334FF480204FF480422DE709254FF471
:10640C0000714FF400434FF400304FF4005223E777
:10641C00AC03002000100140F0010020F0B5454C09
:10642C00054694F8273085B0012B06D1012000F0E9
:10643C0009FB94F82730012BF8D0012684F827604B
:10644C00FFF78CFE236900224FF400513A48642771
:10645C0003FB05F501F092F806230DF10F028DF800
:10646C000E300DF10E0133463448009702F0E4FC77
:10647C0032464FF40051304801F080F8304600F0BD
:10648C00E1FA00224FF400512B4801F077F8237801
:10649C000097082B4AD921230DF10F028DF80E30ED
:1064AC00264833460DF10E0102F0C6FC3346009728
:1064BC002A0E64268DF80E200DF10E010DF10F023F
:1064CC001E4802F0B9FC2B0C8DF80E300DF10F02AA
:1064DC000DF10E0101230096184802F0ADFC2A0ABA
:1064EC008DF80E200DF10E010DF10F020123009617
:1064FC00124802F0A1FC01230DF10F020DF10E0167
:10650C0000960E488DF80E5002F096FC01224FF4C6
:10651C000051094801F032F8FFF720FE012000F08D
:10652C0091FA002384F8273005B0F0BD33462022C1
:10653C00BFE700BFAC03002000100140F0010020B9
:10654C002DE9F043514C804694F827C00F46BCF11E
:10655C00010F15461E4685B007D1012000F072FAD6
:10656C0094F827C0BCF1010FF7D0012384F8273031
:10657C00638972199A4200F28480002E00F08180A7
:10658C00FFF7ECFD00224FF40051414800F0F6FFFC
:10659C004FF0640906230DF10F028DF80E300DF14A
:1065AC000E0101233B48CDF8009002F045FC01227E
:1065BC004FF40051364800F0E1FF012000F042FAA0
:1065CC0000224FF40051324800F0D8FF638907FBDA
:1065DC0003552378CDF80090082B54D912232D485D
:1065EC008DF80E300DF10F0201230DF10E0102F0AA
:1065FC0023FCCDF800902B0E64278DF80E300DF196
:10660C000F020DF10E010123224802F015FC2B0C98
:10661C008DF80E300DF10F020DF10E0101230097D4
:10662C001C4802F009FC2A0A8DF80E200DF10E010F
:10663C000DF10F0201230097164802F0FDFB0DF13E
:10664C000F020DF10E010123009712488DF80E5028
:10665C0002F0F2FB3B464146B2B20E4802F0DAFAC7
:10666C0001224FF400510A4800F088FFFFF776FD35
:10667C00012000F0E7F9002384F8273005B0BDE8CD
:10668C00F0835E1B7CE70223B6E700BFAC0300205F
:10669C0000100140F00100202DE9F041154F80461B
:1066AC003E699E4224D31C46002B08BF34469642BA
:1066BC001CD9A3189E427B8938BFB41A01FB06F67D
:1066CC00B2FBF3F1B6FBF3F603FB11250E442346A4
:1066DC002A4631464046FFF733FF7B890136EA1ADA
:1066EC005B1B00251444AC429844F0DCBDE8F081FF
:1066FC003446DCE7AC0300202DE9F047474C8146DB
:10670C0094F827300F46012B84B006D1012000F0FD
:10671C0099F994F82730012BF8D04FF0010800229A
:10672C004FF400513E4884F8278000F027FF23786F
:10673C00082B63D94FF0640A4FF00C0C0DF10F06C7
:10674C000DF10E054346324629463648CDF800A0D9
:10675C008DF80EC002F070FB3A0E8DF80E204346F9
:10676C00324629462F48CDF800A002F065FB4FF0C9
:10677C0064083B0C324629468DF80E30CDF800806B
:10678C000123284802F058FB3A0A29468DF80E20BE
:10679C0001233246CDF80080224802F04DFB8DF8E3
:1067AC000E700027324629460123CDF800801D4883
:1067BC0002F042FB324629460123CDF800801948ED
:1067CC008DF80E7002F038FBA523324629468DF861
:1067DC000E30CDF800800123124802F02DFB9DF8FD
:1067EC000F3001224FF400510D4889F8003000F0B1
:1067FC00C5FE84F8277004B0BDE8F0870B22642135
:10680C000DF10F060DF10E0500918DF80E2043468B
:10681C0032462946034802F00FFBA8E7AC030020E0
:10682C0000100140F00100202DE9F0474A4C814650
:10683C0094F827C00F46BCF1010F15461E4684B0D4
:10684C0007D1012000F0FEF894F827C0BCF1010F2D
:10685C00F7D0012384F827306389B34270D3002E1C
:10686C0008BF1E46721993424FF400514FF00002BC
:10687C003A4838BF5E1B07FB035500F07FFE2378B8
:10688C00082B5FD94FF0640A4FF00C0C0DF10F0878
:10689C000DF10E070123424639463148CDF800A0D0
:1068AC008DF80EC002F0C8FA2B0ECDF800A08DF8B2
:1068BC000E304FF0640A424639460123284802F054
:1068CC00BBFA2B0C424639468DF80E30CDF800A0A1
:1068DC000123234802F0B0FA2A0A39468DF80E201B
:1068EC0001234246CDF800A01D4802F0A5FA8DF810
:1068FC000E500025424639460123CDF800A0184819
:10690C0002F09AFA424639460123CDF800A0144809
:10691C008DF80E5002F090FA53464946B2B2104828
:10692C0002F000FC01224FF400510C4800F026FE4E
:10693C00012000F087F884F8275004B0BDE8F087F8
:10694C001E468FE70B2364228DF80E3000920DF15A
:10695C000F080DF10E07ACE7AC030020001001404E
:10696C00F001002000F024F80B480C490C4A0023DD
:10697C0002E0D458C4500433C4188C42F9D3094AE9
:10698C00094C002301E013600432A242FBD303F054
:10699C00E5F8FAF7E5FD70470000002068000020DC
:1069AC00E8BB00086800002020050020FEE700007E
:1069BC00704700BF38B54FF47A730D4A054611780D
:1069CC000C4AB3FBF1F31268B2FBF3F000F0B2FB2C
:1069DC0008B90F2D01D9012038BD044602462946BD
:1069EC004FF0FF3000F05EFB034B20461D6038BDBE
:1069FC00100000200C00002014000020074A08B5ED
:106A0C001368032043F01003136000F039FB0F20D0
:106A1C00FFF7D0FFFEF7ECFE002008BD002002407F
:106A2C00034A044B11681B780B441360704700BF7A
:106A3C00D403002010000020014B1868704700BFE1
:106A4C00D403002038B50446FFF7F6FF631C054657
:106A5C0002D0044B1B781C44FFF7EEFF401BA042F6
:106A6C00FAD338BD10000020002800F0AD8038B5F6
:106A7C00836A0446002B6BD023689A68D50749D4E7
:106A8C00A26AD20605D5A36A43F01003A3620120C3
:106A9C0038BDA26A6168E06922F48852257B22F035
:106AAC000202014342F00202A26241EA4502A168DD
:106ABC0094F814C0B1F5807F50D0A1F10100B0FA68
:106ACC0080F0BCF1010F4FEA50104FEA002058D073
:106ADC005D6825F46945284358609D683F48284007
:106AEC0010439860012947D00020D96A21F4700125
:106AFC000143D96299683A4B0B409A425BD0A36A26
:106B0C0023F0120343F01003A362E36A43F0010382
:106B1C00E362BCE79A6822F001029A60FFF78CFFEF
:106B2C00054623689A68D007AAD5FFF785FF401B56
:106B3C0002282368F6D99A68D107F3D5A36A43F0E3
:106B4C001003A362E36A43F00103E362A36A9AE7CA
:106B5C00C36280F82430FEF76DFE8DE7BCF1010FA7
:106B6C000ED058681D4920F4694040F4807058607C
:106B7C009868014011439960206901380005B4E719
:106B8C0008461DB3A56A45F02005A562E56A45F0E7
:106B9C000105E5625D68B1F5807F25F4694540EA41
:106BAC00050058609D680D4800EA050040EA0200A7
:106BBC00986097D1E0E70020E062A36A23F003031A
:106BCC0043F00103A36238BD01207047A569013D64
:106BDC0040EA453040F40060DCE700BFFDF7E1FF20
:106BEC00FE0E1FFF38B590F82430012B35D0012252
:106BFC00036880F824209A680446D5070CD400203A
:106C0C00A36A23F4885323F0010343F00103A36226
:106C1C00002384F8243038BD9A6822F001029A606F
:106C2C00FFF70AFF236805469B68D807E7D502E003
:106C3C009368DB07E3D5FFF7FFFE431B022B2268AB
:106C4C00F6D99368D907F3D50120A36A43F0100352
:106C5C00A362E36A0343E362DAE7022038BD00BFB4
:106C6C00F0B50546002483B00E460194FFF7E4FE10
:106C7C002B689A68D70573D45A680746D4052AD46A
:106C8C00DA6A12F4700F26D1701C12D0002E40F06C
:106C9C008F801A6890070FD41A689407F9D4AB6ADE
:106CAC00032043F00403AB62002385F8243003B0C7
:106CBC00F0BD1A689607FCD56FF012021A60AA6A2A
:106CCC0042F40072AA629B6803F46023B3F5602F50
:106CDC0078D00020EBE7444B02201C6801F068FEE2
:106CEC002A68B4FBF0F4414910691346084210D1EC
:106CFC00D06801F15C4108420BD110693C49084253
:106D0C0070D1D06801F16E4108420CBF14212921C9
:106D1C0009E010693649084218D1D06801F16E417A
:106D2C00084213D1542101FB04F401998C42C3D9BC
:106D3C00711C1ED036B124E0019B01330193019BE1
:106D4C00A3421CD2019BA342F6D2A8E710692949A1
:106D5C00084227D1D06808420CBF5421FC21E2E73D
:106D6C000120AB6A85F8244043F02003AB6203B0EA
:106D7C00F0BD019B01330193019B9C42F9D8134652
:106D8C009AE7FFF759FEC31B9E4202D2019B9C421D
:106D9C0085D8019B01330193019B9C42F1D82A6851
:106DAC00134689E7FC21BEE71A6892077FF577AF97
:106DBC001A68910780D4FFF73FFEC21B96422B68DE
:106DCC00F2D3F5E72B7B002B83D1AB6A23F48073D2
:106DDC00AB62AB6ADB043FF57CAFAB6A43F00103FB
:106DEC00AB6276E729219EE70C000020244992240F
:106DFC0092244912499224000368D86C704700BF52
:106E0C00002230B583B0019290F82420012A66D07C
:106E1C000346012083F824004C681A68062C086885
:106E2C0004EB840C2FD90C2C4BD81F25146BACF114
:106E3C00230C05FA0CF500FA0CFE24EA050444EACE
:106E4C000E0414630928896800EB40042DD94FF017
:106E5C00070C1E3CA1400CFA04FCD46824EA0C0478
:106E6C002143A0F11004012CD16028D82C498A426E
:106E7C0038D001209A6A42F020029A62002283F8EC
:106E8C00242003B030BD4FF01F0E546BACF1050C39
:106E9C0000FA0CF50EFA0CFC24EA0C042C4309281D
:106EAC005463896800EB4004D1D84FF0070C10698B
:106EBC00A1400CFA04F420EA040001431161002003
:106ECC00DCE71F25D46AACF1410C05FA0CF500FA8D
:106EDC000CFE24EA050444EA0E04D462B2E7022054
:106EEC0003B030BD91680902E9D49168102841F4CF
:106EFC0000019160E3D10B4A0B491268A1FB02120D
:106F0C00920C02EB820252000192019A002AD6D016
:106F1C00019A013A0192019A002AF9D1CFE700BFF8
:106F2C00002401400C00002083DE1B43002330B5FD
:106F3C00026883B001939368D90727D41B4B04468E
:106F4C001B681B489168A0FB030341F001019B0CDB
:106F5C0091600193019B2BB1019B013B0193019B20
:106F6C00002BF9D1FFF768FD236805469B68DA070B
:106F7C000CD4FFF761FD431B022B226803D99368E5
:106F8C0013F0010305D09368DB07F2D5002003B0A2
:106F9C0030BD0120A26A84F8243042F01002A262B3
:106FAC00E26A0243E26203B030BD00BF0C00002075
:106FBC0083DE1B4390F82430012B38D0012310B50D
:106FCC0080F824300446FFF7B1FF60BBA36A226847
:106FDC00294923F4407323F0010343F480738A425C
:106FEC00A36226D0A36A23F48013A36253685905C5
:106FFC002BD4A36A002113F4805318BFE36A84F8DE
:10700C00241018BF23F00603E3626FF00203136031
:10701C00936803F46023B3F5602F1DD0936843F499
:10702C008013936010BD002384F8243010BD02201F
:10703C007047124B596811F4702FD3D0A16A41F4E8
:10704C008011A1625B685B05D3D5A36A23F440531E
:10705C0043F48053A362CCE7074B9A4204D0936865
:10706C0043F4A003936010BDA3F580635B6813F435
:10707C00702FD3D1F3E700BF00280140002401405A
:10708C004FF6FF0C06490302CA6803F4E06302EAF8
:10709C000C02134343F0BF6343F40033CB607047DF
:1070AC0000ED00E01A4B00B5DB68C3F30223C3F11B
:1070BC00070EBEF1040F03F1040C28BF4FF0040EB1
:1070CC00BCF1060F1BD9A3F1030C4FF0FF3303FAED
:1070DC000CF322EA03024FF0FF3303FA0EF321EA1A
:1070EC00030303FA0CF313431B010028DBB209DB87
:1070FC0000F1604000F5614080F8003300BD0022D3
:10710C009446E8E7034A00F00F000244137600BDF2
:10711C0000ED00E0FCEC00E0002807DB012300F0B0
:10712C001F01034A40098B4042F82030704700BFD2
:10713C0000E100E00138B0F1807F01D301207047FD
:10714C004FF0E0234FF0F00C0022072110B4044C58
:10715C00586184F823C010469A6110BC19617047BD
:10716C0000ED00E02DE9F04F0C6885B0002C00F02C
:10717C00AD80B34B984200F0D7800022031D0193E1
:10718C0001250F27924613468346DFF8B88206E0A6
:10719C00013334FA03F002F1040200F0978005FA8F
:1071AC0003F030EA040C00EA0406F1D14C68122C0E
:1071BC0000F2A080122C16D8DFE814F0AF001300F8
:1071CC009800950115001500150015001500150007
:1071DC00150015001500150015001500150094007C
:1071EC009000D1F80CA0FF2E99BF5C469446019CF0
:1071FC00A2F1200C206807FA0CFE20EA0E000AFA15
:10720C000CFC40EA0C0020604C68E00064D5D8F817
:10721C00180023F0030C40F00100C8F81800D8F84F
:10722C0018000CF1804C00F0010003900CF5803C30
:10723C0003F0030903984FEA8909DCF8080007FA00
:10724C0009FE20EA0E0E8048834500F02C817F4811
:10725C00834500F039817E4883450CBF0320042010
:10726C0000FA09F040EA0E00CCF80800DFF8E4C19F
:10727C0014F4801FDCF8080014BF3043B043CCF882
:10728C000800DFF8D0C114F4001FDCF80C0014BFA8
:10729C003043B043CCF80C00DFF8B8C114F4003F15
:1072AC00DCF8040014BF3043B04314F4803F694C45
:1072BC00CCF8040020680CD0304320600C680133FB
:1072CC0034FA03F002F104027FF469AF05B0BDE8B3
:1072DC00F08F20EA060020600C6859E7C86800F1BE
:1072EC000C0A80E7C86800F1040A7CE7C86800F162
:1072FC00080A78E7DFF860C164450ED000F2D98047
:10730C00ACF5801C644508D00CF5702C644504D099
:10731C00ACF5801C64457FF466AF8C68002C40F0A3
:10732C00D9804FF0040A5EE74FF000096FF01F059B
:10733C004FF0010C4FF00F084B46DFF808E1474FB8
:10734C0005E0013334FA03F205F10405BED00CFA62
:10735C0003F232EA040A04EA0206F2D14C68122C57
:10736C0000F2C480122C16D8DFE814F0D2001300FF
:10737C00DF00F400150015001500150015001500B0
:10738C001500150015001500150015001500E3007B
:10739C00DB00D1F80C90FF2E62D9AA463C4622683D
:1073AC0008FA0AFB22EA0B0209FA0AFA42EA0A0272
:1073BC0022604A68D40057D5DEF8184003F0030A5F
:1073CC0044F00104CEF81840DEF818404FEA8A0A5F
:1073DC0004F001040394039C23F0030404F180449F
:1073EC0004F58034D4F808B008FA0AFA2BEA0A0A31
:1073FC00C4F808A0D40239D5DFF858A0DAF8084050
:10740C003443CAF8084094023AD5DFF848A0DAF8B9
:10741C000C403443CAF80C4094033BD5DFF834A03D
:10742C00DAF804403443CAF804400A4C12F4803FA2
:10743C0022680CBFB243324322600C6881E700BF64
:10744C000008014000100240000C014000100140F7
:10745C000014014000040140000022100408014007
:10746C0004464FEA830A9AE70C686AE7DFF8F0A053
:10747C00DAF8084024EA0604CAF808409402C4D496
:10748C00DFF8DCA0DAF80C4024EA0604CAF80C4059
:10749C009403C3D4DFF8C8A0DAF8044024EA060445
:1074AC00CAF80440C1E7012000FA09F040EA0E00D6
:1074BC00DAE6DFF8B0C064453FF42FAF0CF5803C42
:1074CC0064457FF490AE28E7022000FA09F040EA08
:1074DC000E00C9E6012C4FF0080A0CBFCBF81000C7
:1074EC00CBF814007FE64FF0000A7CE6DFF878A0BA
:1074FC0054450DD021D8AAF5801A544508D00AF568
:10750C00702A544504D0AAF5801A54457FF443AF31
:10751C008C68E4B1012C154C1FD062614FF0080946
:10752C0039E7CA6802F10C0935E7CA6802F10809A3
:10753C0031E7CA6802F104092DE7DFF828A05445A9
:10754C00E6D00AF5803A54457FF425AFE0E74FF0DA
:10755C00040920E74FF000091DE72261DEE700BFB8
:10756C00000401400000311000002210000801400E
:10757C0083681940081E18BF0120704702B909041E
:10758C000161704730B54D1C044683B022D10368AD
:10759C0002E05A69520505D45A699107F9D50020C1
:1075AC0003B030BD00216FF4806520201A6842F4CE
:1075BC0000721A605D61216384F83D0084F83E100E
:1075CC00236C43F0040323640023012084F83C3033
:1075DC0003B030BD0D460168E5B148690B46800724
:1075EC000192DCD449694A05DCD4FFF725FA019AEB
:1075FC002168831A9D42F0D24B699807EDD4002381
:10760C002022236384F83D2084F83E30236C1343FE
:10761C002364D9E74A690B469007C0D44A695205DE
:10762C00C0D4FFF709FA21684B699D07F2D4E6E74D
:10763C002DE9F04F056898462B6883B043F48063BE
:10764C002B602B68DDE90C9A43F48073B9F1FF3F92
:10765C0006468B4617462B6027D0B9F1000F3AD05F
:10766C006B69DC0700F1A380FFF7E6F9A0EB0A03D6
:10767C0099453568F4D26B69D807F1D400222023E0
:10768C00326386F83D3086F83E20336C86F83C2019
:10769C0043F0200333642B68DF0502D54FF40073ED
:1076AC003364032003B0BDE8F08F6B69D90702D4B3
:1076BC006C69E207FCD50BF0FE0352464FF0FF312C
:1076CC0030462B615FFA8BFBFFF75CFF78B1012032
:1076DC0003B0BDE8F08F6969C94311F001013CD0DA
:1076EC00FFF7AAF935686B69DB07F4D4C6E7346891
:1076FC00019063690193A3690193019B63691B0664
:10770C0079D463695B050FD463691D06F9D5B8F1AB
:10771C00010F00F092803B0A236163691A0600F1A5
:10772C008C8063695905F8D500236FF480612022A1
:10773C006161336386F83D2086F83E30336C43F04C
:10774C00040333640022336C86F83C20042BBED136
:10775C00236843F400732360B9E70BF0FE03524631
:10776C0030462B615FFA8BFBFFF70CFF0028AED184
:10777C003468019063690193A3690193019B636968
:10778C00190600F1888063695A05CDD4FFF754F9C6
:10779C00346863691806F2D400232022336386F818
:1077AC003D2086F83E30336C13433364CAE70BF04C
:1077BC00FE035246494630462B615FFA8BFBFFF7BE
:1077CC00E1FE002883D13468019063690193A369B9
:1077DC000193019B63691D0632D463695805A3D4D8
:1077EC00FFF72AF9A0EB0A0399453468F2D26369D2
:1077FC001906EFD4D0E7B8F1010F8CD1FFB2276195
:10780C0063691A0603D506E06369180603D4636935
:10781C00590589D4F8E7236843F4807323606369BE
:10782C00DD07FCD55246494630464BF00103236137
:10783C0003B0BDE8F04FFFF7A5BEFFB22761E3E749
:10784C00B8F1010F13D03B0A236163691B060ED4F8
:10785C0063695D053FF568AFFFF7EEF8A0EB0A032F
:10786C0099453468F1D263691806EED494E7FFB2F7
:10787C00276163691B0621D463695F053FF554AF2B
:10788C00FFF7DAF8A0EB0A0399453468F1D2636983
:10789C001D06EED480E7B8F1010F32D03B0A23610C
:1078AC0063691D062DD4636958053FF53DAFFFF79D
:1078BC00C3F8346863691B06F2D46DE7236843F49C
:1078CC00807323606369DB07ACD4FFF7B5F8A0EBDA
:1078DC000A0399453468F5D26369DF07F2D40022B4
:1078EC002023326386F83D3086F83E20336C86F8D0
:1078FC003C2043F0200333642368D9053FF5CEAE1A
:10790C00CFE6FFB22761636919060AD463695A0589
:10791C003FF50AAFFFF790F8346863691A06F2D4A2
:10792C003AE7236843F4807323606369DA073FF511
:10793C0079AFFFF781F834686369D807F5D4CEE7DF
:10794C002DE9F047056882B09946DDF828A02B6830
:10795C00BAF1FF3F43F4807306460F4690462B6006
:10796C0027D0BAF1000F38D06B69DC0700F1A28088
:10797C00FFF762F80B9B3568C31A9A45F4D26B6912
:10798C00D807F1D400222023326386F83D3086F8E4
:10799C003E20336C86F83C2043F0200333642B6884
:1079AC00DC0502D54FF400733364032002B0BDE84C
:1079BC00F0876B69D90702D46C69E207FCD507F034
:1079CC00FE074FF0FF3130460B9A2F61FFF7DAFDBF
:1079DC0078B1012002B0BDE8F0876969C94311F0A4
:1079EC00010140D0FFF728F835686B69DB07F4D448
:1079FC00C8E73468019063690193A3690193019B03
:107A0C0063691B061BD463695B05F9D500236FF40E
:107A1C00806120226161336386F83D2086F83E3018
:107A2C00336C43F0040333640022336C86F83C203F
:107A3C00042BCED1236843F400732360C9E7B9F15A
:107A4C00010F09D04FEA1823236163691A0603D486
:107A5C0063695F05DAD4F8E700205FFA88F32361E5
:107A6C0002B0BDE8F08707F0FE0730460B9A2F6195
:107A7C00FFF788FD0028ACD134680190636901934D
:107A8C00A3690193019B63691D0635D4636958058D
:107A9C00BCD4FEF7D1FF346863691F06F3D400230E
:107AAC002022336386F83D2086F83E30336C134336
:107ABC003364B9E707F0FE07514630460B9A2F6145
:107ACC00FFF760FD002884D134680190636901934D
:107ADC00A3690193019B6369180621D46369590555
:107AEC0094D4FEF7A9FF0B9B3468C31A9A45F2D2C3
:107AFC0063691A06EFD4D2E7B9F1010FACD04FEAA3
:107B0C001823236163691806A6D4636959053FF5E8
:107B1C007DAFFEF791FF346863691D06F2D4BEE7B2
:107B2C00B9F1010F98D04FEA182323616369190644
:107B3C0092D463695A053FF569AFFEF77DFF0B9B45
:107B4C003468C31A9A45F1D263691B06EED4A6E7D2
:107B5C00002800F0B88038B590F83D30044603F0AA
:107B6C00FF02002B00F09B802422236884F83D2028
:107B7C001A6822F001021A601A6842F400421A6074
:107B8C001A6822F400421A6000F072FE4F4A6368D1
:107B9C00934225D84E4A904225D94E4D5A00A5FB0A
:107BAC000035431EB3FBF2F340F6FC7C2268A80CB4
:107BBC005168013021F03F0141EA95415160116A51
:107BCC00013321F03F0101431162D16913EA0C0F1B
:107BDC0021F44F4121F0FF0171D0C3F30B0334E0CA
:107BEC003D4A904201D8012038BD3A4A3B4DA2FB98
:107BFC00002C4FF496724FEA9C4102FB01F1226873
:107C0C00A5FB01515568890925F03F0545EA9C45BE
:107C1C005560156A013125F03F0529431162D16980
:107C2C00A56821F44F41013821F0FF01002D3BD014
:107C3C0003EB830303EB8303B0FBF3F30133C3F3D5
:107C4C000B03002B3DD043F440430B43D36111682D
:107C5C00D4E9073021F0C00103430B431360916852
:107C6C00D4E9030321F40341034321F0FF010B4347
:107C7C009360D068D4E9053120F0FF000B43034337
:107C8C00D3601368002143F00103136020232164A7
:107C9C0084F83D30216384F83E10084638BD80F8E6
:107CAC003C20FDF7F9FD5FE703EB4303B0FBF3F377
:107CBC000133C3F30B0323B143F40043C5E704239F
:107CCC00C3E70123C1E70120704700BFA086010074
:107CDC007F841E0083DE1B43FF083D00D34D6210E2
:107CEC002DE9F047044682B099460F469046BDF800
:107CFC002CA00C9EFEF7A0FE94F83D30202B04D057
:107D0C000227384602B0BDE8F0870546D4F800C01B
:107D1C00DCF818309B0718D5FEF78EFE401B19288F
:107D2C00D4F800C0F4D9DCF81830DB4313F00203AC
:107D3C00EED12022236384F83D2084F83E3084F871
:107D4C003C30236C13432364DAE794F83C30012B6A
:107D5C00D6D0012384F83C30DCF80030D80740F151
:107D6C009180424639464FF0400E00274FF02108D3
:107D7C00DCF800004B4620F40060CCF800000A98B8
:107D8C006062CDE9006584F83D8084F83EE02764AC
:107D9C00A4F82AA0608D20855D48E0622046FFF79C
:107DAC00CFFD0746F8B9228D2368002A35D0701C08
:107DBC004DD15A6911061BD45A695105F9D50022C7
:107DCC006FF4806020215861226384F83D1084F8A0
:107DDC003E20226C42F0040222640021226C84F8C2
:107DEC003C10042A55D00127384602B0BDE8F08774
:107DFC00606AB4F828C0024612F801EB0CF1FF31AE
:107E0C00C3F810E06262628D89B2013A92B2628567
:107E1C005A692185520716D541B9721C58D15A6935
:107E2C00560748D45A695505C9D4F8E74278ACF1DD
:107E3C00020C1A61628D1FFA8CF1013A023092B277
:107E4C006062218562850029E7D0701CB1D02EB309
:107E5C005A691106CCD45A695205B0D4FEF7ECFD20
:107E6C00421B96422368F3D25A691006F0D40022C2
:107E7C002021226384F83D1084F83E20226C0A43B2
:107E8C002264AAE7DCF8003043F00103CCF80030A0
:107E9C0067E71A6842F400721A60A4E75A69100680
:107EAC00A6D45A6951058AD4FEF7C6FD23685A69CF
:107EBC001206F3D4DBE7002120201A6842F400728A
:107ECC001A6084F83D0084F83C1084F83E1018E7E2
:107EDC0086B15A695007EED45A6951053FF56FAF18
:107EEC00FEF7AAFD421B96422368F2D25A6952074A
:107EFC00EFD4BCE75A695107DDD45A6952053FF5F6
:107F0C005EAFFEF799FD23685A695007F2D4AEE7CD
:107F1C000000FFFF2DE9F047002488B003940446CD
:107F2C0099460F469046BDF844A0129EFEF784FD7C
:107F3C0094F83D30202B04D00227384608B0BDE819
:107F4C00F0870546D4F800C0DCF81830980718D52F
:107F5C00FEF772FD401B1928D4F800C0F4D9DCF8E8
:107F6C001830DB4313F00203EED12022236384F894
:107F7C003D2084F83E3084F83C30236C134323645A
:107F8C00DAE794F83C30012BD6D0012384F83C304E
:107F9C00DCF80030D90764D5424639464FF0400E24
:107FAC0000274FF02208DCF800004B4620F400605C
:107FBC00CCF8000010986062CDE9006584F83D8033
:107FCC0084F83EE02764A4F82AA0608D20858948B7
:107FDC00E0622046FFF72CFB074600283CD1218DA0
:107FEC002268002944D10490536904939369049343
:107FFC00049B136843F4007313600023202284F85D
:10800C003C3084F83D2084F83E3096E752695206A5
:10801C0000F1C180002E00F0BA800CE0FEF70CFDE0
:10802C00401B8642236802D25A6951064CD55A69C4
:10803C00520600F1B0805A69D006EFD500226FF0DD
:10804C00100020215861226384F83D1084F83E20F2
:10805C00236C84F83C2023640127384608B0BDE823
:10806C00F087DCF8003043F00103CCF8003093E7E4
:10807C000129136800F03881022969D043F4806328
:10808C00136007905369079393690793079BDFF875
:10809C006891DFF8688103291346B7D8012900F0ED
:1080AC00F480022940F09480711C1CD0002E45D025
:1080BC005B695B071AD4FEF7BFFC421B9642236830
:1080CC00F6D25A695007F3D400222023226384F895
:1080DC003D3084F83E20236C012743F0200384F8C4
:1080EC003C202364B9E753695907FCD572B6236861
:1080FC00616A1A6842F400721A601B690B70638D16
:10810C00013B9BB26385636A01336362238D013B40
:10811C00238562B623681A69636A1A70638D218D90
:10812C00013B9BB26385636A013989B201332185B6
:10813C00636200293FF461AF2268ACE75B695807C2
:10814C00D4D4FEF779FC23685A695207F6D4BBE7FE
:10815C0043F40063136072B6236806905A69069262
:10816C009A690692069A1A6822F480621A6062B6BC
:10817C00218D00293FF441AF226888E7FEF75CFCB3
:10818C0023685A6951069FD55A69520603D45A6915
:10819C00D006F3D552E71A69636A1A70638D2268A8
:1081AC00013B9BB2218D63855069636A013989B2A9
:1081BC0003F1010C40072185C4F824C0B9D503296B
:1081CC0003D1116821F48061116012695A70A5E71E
:1081DC00711C15D0002E4ED05A69520713D4FEF7DD
:1081EC002BFC421B96422368F6D25A695007F3D4F3
:1081FC006AE700BF0000FFFF0C00002089B5F814EF
:10820C0051694907FCD51A6822F480621A6072B66B
:10821C0023681A69636A1A70D9F80030616ADB083E
:10822C00A8FB0323628D1B0A03EB8303013AC3EB08
:10823C00C30392B262850393238D013B23854B1CB0
:10824C00636203E023685A69520746D4039B013BDF
:10825C000393039B002BF5D12022236384F83D204C
:10826C0084F83E30226C42F02002226462B6012770
:10827C0084F83C30F1E65A695107C4D4FEF7DCFBB4
:10828C0023685A695007F6D41EE7526950063FF529
:10829C0042AFF6B10DE0FEF7CFFB401B86422368E0
:1082AC0003D25A6952067FF50FAF5A6950063FF553
:1082BC0032AF5A69D1063FF5C1AEECE7FEF7BCFB15
:1082CC0023685A6952067FF5FFAE5A6950063FF58E
:1082DC0022AF5A69D106F1D5B0E61A6842F40072A1
:1082EC001A601B694B700AE723F48063136072B643
:1082FC00236805905A6905929A690592059A1A683D
:10830C0042F400721A6062B6218D32E7002800F048
:10831C00B6812DE9F04103680446DD0782B035D5FE
:10832C009A494A6802F00C02042A00F0EF804A686D
:10833C0002F00C02082A00F0E5806368B3F5803F78
:10834C0010D0002B00F00C81B3F5A02F00F082812F
:10835C008E4B1A6822F480321A601A6822F480223A
:10836C001A6004E0894A136843F480331360FEF703
:10837C0063FB864E054605E0FEF75EFB401B64285A
:10838C0000F2EA8033689A03F6D523689F0728D554
:10839C007E4A516811F00C0F00F08D80516801F08D
:1083AC000C01082900F083802369002B00F0188150
:1083BC000122774B754E1A60FEF73EFB054605E031
:1083CC00FEF73AFB401B022800F2C6803368980780
:1083DC00F6D53368626923F0F80343EAC2033360CD
:1083EC0023681A071FD45D0742D5684BDA69D000A1
:1083FC007DD50025674E3368D90540F19D80E36833
:10840C00012B00F0FE80002B00F0CA80052B5F4B87
:10841C001A6A00F02C8122F001021A621A6A22F008
:10842C0004021A62F2E0A369002B4FD00122584BD0
:10843C00564EC3F88024FEF7FFFA054605E0FEF71A
:10844C00FBFA401B022800F28780736A9B07F6D563
:10845C00514B524A1B68A2FB03235B0A019300BFDA
:10846C00019B5A1E0192002BF9D123685D07BCD4E5
:10847C00E369C3B1454D6A6802F00C02082A00F0AA
:10848C00D8800022022B424B1A6600F0FA80FEF7CD
:10849C00D3FA044604E0FEF7CFFA001B02285BD89F
:1084AC002B689B01F7D4002002B0BDE8F081526824
:1084BC00D6033FF579AF354A1268950730D5226956
:1084CC00012A2DD0012002B0BDE8F081304A2F4E98
:1084DC00C2F88034FEF7B0FA054604E0FEF7ACFAB9
:1084EC00401B022838D8736A9F07F7D4BDE7DA69B6
:1084FC00012542F08052DA61DB6903F0805300936E
:10850C00009B77E74A68D0037FF517AF1F4A1268C4
:10851C0091037FF53BAF6268002A7FF437AFD1E758
:10852C001A4960690A6822F0F80242EAC0020A603D
:10853C001A077FF558AF76E7336843F480733360DE
:10854C00FEF77AFA07463368DA053FF558AFFEF7BF
:10855C0073FAC01B6428F6D9032002B0BDE8F08181
:10856C000A4D2B6823F480332B602B6823F4802373
:10857C002B60FEF761FA064604E0FEF75DFA801BFD
:10858C006428E9D82B689B03F7D4FEE60010024060
:10859C0000004242007000400C000020D34D6210DD
:1085AC00504E41F28838336A23F001033362336A48
:1085BC0023F004033362FEF73FFA074604E0FEF7AC
:1085CC003BFAC01B4045C7D8336A9807F7D4002D37
:1085DC003FF44EAF434AD36923F08053D36147E74E
:1085EC00414A404E1360FEF727FA054604E0FEF7B9
:1085FC0023FA401B0228AFD833689907F7D42368B5
:10860C00EFE6384A136A43F001031362FEF714FADB
:10861C0041F288380646334F04E0FEF70DFA801B12
:10862C00404599D83B6A9B07F7D5002D3FF420AF06
:10863C00D0E7012B3FF446AF6B68226A03F480311C
:10864C0091427FF43FAF606A03F47013181A18BF9D
:10865C00012029E703F18043A3F53C331A6842F467
:10866C0080221A601A6842F480321A607FE642F067
:10867C0004021A621A6A42F001021A62C6E7012069
:10868C007047FEF7D9F9064605E0FEF7D5F9801BD1
:10869C0002283FF661AF2B689901F6D4236AB3F533
:1086AC00803F05D16A68A16822F400320A436A60EF
:1086BC0001200C4D616A6A680B4322F474120A495A
:1086CC0013436B600866FEF7B7F9044605E0FEF746
:1086DC00B3F9001B02283FF63FAF2B689A01F6D581
:1086EC00E1E600BF0010024000004242002800F00A
:1086FC00A180564A2DE9F0411368044603F00703A4
:10870C008B420D460CD2136823F007030B43136006
:10871C00136803F007038B4202D00120BDE8F081FF
:10872C0023689E0714D5580704D549494A6842F472
:10873C00E0624A60190704D545494A6842F4605220
:10874C004A604349A0684A6822F0F00202434A603A
:10875C00DA0720D562683E4B012A1B686CD0022ACE
:10876C0065D09E07D9D53A4E41F28838736823F00C
:10877C00030313437360FEF75FF9074604E0FEF74B
:10878C005BF9C01B40455AD87368626803F00C0350
:10879C00B3EB820FF3D12D4A136803F00703AB42FE
:1087AC0009D9136823F007032B431360136803F0F4
:1087BC000703AB42B1D12368580706D52449E068BA
:1087CC004A6822F4E06202434A60190707D5204A3E
:1087DC002169536823F4605343EAC10353601C4975
:1087EC004A6802F00C03082B10D01A4B184A1A488E
:1087FC0052681A49C2F30312805C194AC3400868D4
:10880C001360FEF7D7F80020BDE8F0811548C2F3DD
:10881C008343D203C35C14D50E484A6800FB03F3B0
:10882C001149C2F340428A5CB3FBF2F3DEE79F01CD
:10883C0099D472E7012070479B0394D46DE7032011
:10884C006CE70A4A02FB03F3D0E700BF00200240AA
:10885C000010024000127A006CBB000814000020CB
:10886C000C00002080BB00087CBB000800093D0008
:10887C00044B054A5B680549C3F30223CB5C1068C3
:10888C00D8407047001002400C00002064BB000868
:10889C00044B054A5B680549C3F3C223CB5C1068E3
:1088AC00D8407047001002400C00002064BB000848
:1088BC002DE9F04103680446D80782B02CD5394B1A
:1088CC00DA69D1003FD5384D00262B68DA0548D53A
:1088DC00344D61682B6A13F4407311D001F440726B
:1088EC009A420DD0002001272B6A304A23F44071A4
:1088FC00C2F84074C2F84004D807296244D46168B5
:10890C00284A136A23F440730B4313621EB1D369D4
:10891C0023F08053D36123689A0706D52149A068B8
:10892C004A6822F4404202434A60DB0603D400202A
:10893C0002B0BDE8F0811B4AE168536823F4800360
:10894C000B435360F3E7DA69174D42F08052DA615A
:10895C00DB69012603F080530193019B2B68DA0538
:10896C00B6D42B6843F480732B60FEF765F807468A
:10897C002B68DB05ACD4FEF75FF8C31B642BF7D96F
:10898C00032002B0BDE8F081FEF756F841F28838BA
:10899C0007462B6A9907B2D4FEF74EF8C01B404528
:1089AC00F7D9EDE700100240007000400000424291
:1089BC00022808B53DD0102819D0012837D140F233
:1089CC00023229490B6A1A40B2F5817F3CD003F47C
:1089DC004073B3F5007F3AD0B3F5407F27D10B68D5
:1089EC004FF2244013F4003F08BF002008BD1E4B7B
:1089FC005A68186810F08070F8D01C48C2F3834194
:108A0C00D203405C2BD55B68194AC3F34043D25C5C
:108A1C00184BB3FBF2F303FB00F0134B5B685B02E8
:108A2C00E4D4154B4000A3FB0030400808BD0020E7
:108A3C0008BDFFF72DFF0C4B5B68C3F3813301338B
:108A4C005B00B0FBF3F008BD4FF4004008BD4B6A6F
:108A5C0049F6404013F0020F08BF002008BD074B39
:108A6C0003FB00F0D9E700BF0010024094BB0008E4
:108A7C0090BB000800127A00ABAAAAAA00093D001C
:108A8C002DE9F0431F4683B014460D460A9E8046DE
:108A9C00FDF7D2FF3E44361AFDF7CEFF2D4B0137C2
:108AAC001A68C2F3CB3206FB02F2019218D081464F
:108ABC00D8F800309B6835EA03030CBF0123002370
:108ACC00A34217D0FDF7B8FFA0EB0900B04215D2B6
:108ADC00019B002B019B08BF0026013B0193E7E79C
:108AEC00D8F80020936835EA03030CBF0123002358
:108AFC00A342F7D1002003B0BDE8F083D8E90031E0
:108B0C005A68B1F5827F22F0E0025A6014D0D8F88E
:108B1C002820B2F5005F07D11A6822F400521A60BF
:108B2C001A6842F400521A6001220023032088F8CC
:108B3C00512088F85030DEE7D8F80820B2F5004F05
:108B4C0002D0B2F5806FE2D11A6822F040021A60AE
:108B5C00DDE700BF0C000020002858D0F8B5436AB0
:108B6C000446002B44D00023C0E90433002094F8C1
:108B7C005130A06203F0FF02002B3FD0D4E9013248
:108B8C0002264FF0010C002502F4044203F4827318
:108B9C001343E26884F85160266902F400621343BF
:108BAC0006F0020633436669A169276A06EA0C06D9
:108BBC003343E66907F0800E01F4007706F03806BF
:108BCC003B432268334343EA0E0303431068090C0A
:108BDC0001F0040120F04000106013605160D36973
:108BEC00284623F40063D361656584F851C0F8BD51
:108BFC004268B2F5827FB9D0C361B7E7204684F8EA
:108C0C005020FCF785FEA06A00F40050B6E7012066
:108C1C00704700BF2DE9F041044684B01D460F4655
:108C2C009046FDF709FF94F85130012B7DD1064693
:108C3C00D8B2002F76D0B8F1000F73D094F8503022
:108C4C00012B72D000230322A36384F85120A38745
:108C5C0063652364A4F836806364E387A36884F8AF
:108C6C0050002068B3F5004F01462763A4F8348008
:108C7C0007D1036823F040030360036843F4804387
:108C8C00036003685B0654D5E3686268B3F5006F54
:108C9C0058D0002A40F094803B780373E38E226B0B
:108CAC00013B01329BB22263E386E38E9BB2A3B1FC
:108CBC00681C7BD123689A68910740F18680226BEF
:108CCC0012781A73E28E236B013A92B2E286E28E2C
:108CDC00013392B22363002AECD101222B460221EC
:108CEC0020460096FFF7CCFE0246002875D12B4695
:108CFC00802120460096FFF7C3FE00286DD1A368A3
:108D0C0033B922680393D368039393680393039B4B
:108D1C000122002384F85120606D84F85030C01A71
:108D2C0018BF012004B0BDE8F081022004B0BDE8FA
:108D3C00F0810368626843F040030360E368B3F5B5
:108D4C00006FA6D1002A6ED0B8F1010F6BD0E38E64
:108D5C009BB2002BC1D06B1C55D183689F070FD5DC
:108D6C00226B32F8023BC360E38E2263013B9BB261
:108D7C00E386E38E9BB2002BAFD083689F07EFD4C2
:108D8C00FDF75AFEE38E9BB2002BA6D02068E4E7D9
:108D9C00226B12781A73E38E226B013B01329BB269
:108DAC002263E386E38E9BB2002B96D023689A68ED
:108DBC009207EDD4FDF740FE801BA842F2D32AE0C7
:108DCC00B8F1010F7FF471AF66E7FDF735FEE38E66
:108DDC009BB2002B7FF46EAF7FE7636D43F02003F3
:108DEC006365202363658AE7226B32F8023BCB6014
:108DFC00E38E2263013B9BB2E386E38E9BB2002B96
:108E0C003FF46BAF21688B689A07EDD4FDF714FE25
:108E1C00831BAB42F1D3012384F851300023032090
:108E2C0084F850307EE737F8023BC360E38E27634B
:108E3C00013B9BB2E3868AE72DE9F041044684B0FE
:108E4C0090461E460F46FDF7F7FD94F85130054647
:108E5C00012B62680BD0B2F5827F40F09680D9B2BC
:108E6C00A368002B40F09180042940F08E80002FE5
:108E7C0000F09880B8F1000F00F09480002E00F004
:108E8C00918094F85030012B7FD0012384F850301E
:108E9C0094F851302168042B1CBF052384F8513001
:108EAC0000236365E687E686C4E910330B68C4F8D3
:108EBC0038805B06A6872763A68603D40B6843F02D
:108ECC0040030B60E368B3F5006F6FD0002A00F02D
:108EDC00DD80012E00F0DA800A9B0126013328D0B8
:108EEC00A1E0226893689B070FD5E38E9BB263B118
:108EFC005EB10026236B1B781373E38E216B013B51
:108F0C0001319BB22268E3862163936813F001035D
:108F1C000DD0E18F89B251B1D2681E46A36B1A7085
:108F2C00E38FA26B013B01329BB2A263E387FDF797
:108F3C0083FDE38E9BB2002BD3D1E38F9BB2002B2E
:108F4C00CFD10122022120460A9B0095FFF798FD04
:108F5C000246F0B9802120460A9B0095FFF790FD50
:108F6C00B8B9A36833B922680393D36803939368A1
:108F7C000393039B0122002384F85120606D84F835
:108F8C005030C01A18BF012000E0022004B0BDE828
:108F9C00F081636D202243F020036365002362653A
:108FAC0084F85030012004B0BDE8F081002A77D15C
:108FBC0037F8023BCB60E38E2763013B9BB2E38621
:108FCC000A9B0126013325D06DE02268936898072F
:108FDC000DD5E38E9BB253B146B1216B31F8023BF8
:108FEC00D360E38E2163013B9BB2E386002693683A
:108FFC0013F001030CD0E18F89B249B11E46D3683E
:10900C00A26B22F8023BE38FA263013B9BB2E38786
:10901C00FDF712FDE38E9BB2002BD6D1E38F9BB2F2
:10902C00002BD2D18DE7E38E9BB21BB9E38F9BB2A1
:10903C00002B86D02268936899070FD5E38E9BB2DC
:10904C0063B15EB10026236B1B781373E38E216B27
:10905C00013B01319BB22268E3862163936813F0D4
:10906C00010303D0E18F89B200294ED1FDF7E4FC56
:10907C000A9B401B9842D6D30123032084F851301D
:10908C00002384F8503004B0BDE8F0813B780B73BA
:10909C00E38E226B013B01329BB22263E3861BE71A
:1090AC00012E8DD184E7E38E9BB223B9E38F9BB263
:1090BC00002B3FF446AF226893689F070DD5E38ED3
:1090CC009BB253B146B1216B31F8023BD360E38EB6
:1090DC002163013B9BB2E3860026936813F00103E6
:1090EC000CD0E18F89B249B11E46D368A26B22F82D
:1090FC00023BE38FA263013B9BB2E387FDF79CFC31
:10910C000A9B401B9842CED3B6E7D2681E46A36B8F
:10911C001A70E38FA26B013B01329BB2A263E3870F
:10912C00A4E700BF2DE9F0431D4690F8513083B001
:10913C00012B76D15FFA83F843680446B3F5827F3E
:10914C001746894603D18368002B00F0D180FDF7C8
:10915C0073FC0646B9F1000F5FD0002F5DD094F878
:10916C005030012B5DD0012284F8502004220023C2
:10917C0084F85120A2682168B2F5004F6365C4E9F8
:10918C0010332363A386E787C4F83890E386A78758
:10919C000B4600F0A4800A68500603D40A6842F01B
:1091AC0040020A60E268002A41D1E28F92B2CAB151
:1091BC006F1C0ED06BE01A7BA36B1A70E28FA16B45
:1091CC00013A92B2E287E38F01319BB2A1634BB1BA
:1091DC0023689A68D007EED4FDF72EFCE38F9BB280
:1091EC00002BF5D16368B3F5827F00F08B802B46A2
:1091FC000022802120460096FFF742FC002840F018
:10920C0098800123002284F85130636D84F850203B
:10921C00B3EB020818BF4FF00108404603B0BDE89D
:10922C00F0834FF00208404603B0BDE8F083E28FB4
:10923C0092B2002AD6D06A1C40D18B68DB070FD5BE
:10924C00CA68A36B23F8022BE28FA363013A92B294
:10925C00E287E38F9BB2002BC4D08B68DB07EFD483
:10926C00FDF7EAFBE38F9BB2002BBBD02168E4E750
:10927C001A7BA36B1A70E38FA26B013B01329BB27A
:10928C00A263E387E38F9BB2002BABD023689A6871
:10929C00D107EDD4FDF7D0FB801BA842F2D315E02B
:1092AC00DB68A26B22F8023BE38FA263013B9BB20B
:1092BC00E387E38F9BB2002B94D023689A68D20784
:1092CC00EED4FDF7B9FB801BA842F2D3012384F83E
:1092DC00513000234FF0030884F850309DE70A68A2
:1092EC0022F040020A600A6822F480420A6052E7C7
:1092FC0000950425134680F851500A46FFF79CFD53
:10930C0080468AE7A368B3F5004F19D0B3F5806F98
:10931C007FF46DAF21682B460A68204622F040028C
:10932C000A60002201210096FFF7AAFB00283FF4F7
:10933C0068AF636D43F0200363652023636560E7CA
:10934C002268136823F04003136050E7002866D0AE
:10935C0070B590F83D30044603F0FF02002B59D055
:10936C00022322682F4E84F83D30B242A569E06892
:10937C006168136830D0B2F1804F2DD0A6F59436C9
:10938C00B2423ED006F58066B2423AD023F080035A
:10939C002B431360D0629162012353611369DB0785
:1093AC0003D5136923F001031361012384F84630BC
:1093BC0084F83E3084F83F3084F8403084F84130F3
:1093CC0084F8423084F8433084F8443084F84530D3
:1093DC0084F83D30002070BDA66823F07003334341
:1093EC00266923F44073334323F080032B4313602B
:1093FC000C4BD0629A4208BF6369916208BF136339
:10940C00CAE7A66823F070033343266923F440733C
:10941C003343BBE780F83C20FCF7B6FAA0E7012009
:10942C00704700BF002C014090F83D30012B1FD13C
:10943C000222036880F83D20DA680E4942F00102EE
:10944C008B42DA6009D0B3F1804F06D00A4A9342BE
:10945C0003D002F58062934204D19A6802F00702AD
:10946C00062A03D01A6842F001021A6000207047E5
:10947C0001207047002C014000040040704700BFE1
:10948C00002866D070B590F83D30044603F0FF021A
:10949C00002B59D0022322682F4E84F83D30B24263
:1094AC00A569E0686168136830D0B2F1804F2DD0A7
:1094BC00A6F59436B2423ED006F58066B2423AD05A
:1094CC0023F080032B431360D0629162012353611C
:1094DC001369DB0703D5136923F00103136101231F
:1094EC0084F8463084F83E3084F83F3084F84030BD
:1094FC0084F8413084F8423084F8433084F84430A6
:10950C0084F8453084F83D30002070BDA66823F007
:10951C0070033343266923F44073334323F08003F1
:10952C002B4313600C4BD0629A4208BF6369916263
:10953C0008BF1363CAE7A66823F070033343266998
:10954C0023F440733343BBE780F83C20FFF796FFCE
:10955C00A0E70120704700BF002C014039BB90F8F8
:10956C003E30012B2FD1022380F83E3001220368BC
:10957C0001F01F01186A8A4020EA020010B4186238
:10958C00196A204C0A43A3421A621ED0B3F1804FD1
:10959C001FD01D4A93421CD002F58062934218D012
:1095AC001A68002042F0010210BC1A6070470429AE
:1095BC0017D008291DD090F84130012B03D102237C
:1095CC0080F84130D2E7012070475A6C42F40042D7
:1095DC005A649A6802F00702062AE1D1002010BCF6
:1095EC00704790F83F30012BEDD1022380F83F30CB
:1095FC00BCE790F84030012BE5D1022380F84030D5
:10960C00B4E700BF002C014000040040034690F872
:10961C003C00012800F0B6800120F0B483F83C0037
:10962C000C2A08D8DFE802F03B070707600707079A
:10963C00880707070D00002283F83C200120F0BCAE
:10964C0070471A680E68106A146A20F4005024F4EB
:10965C00805414625568D46924F4E64444EA062420
:10966C008E6840EA0630614EB24200F0A980556027
:10967C004D68D4610C6915641062D16941F40061C4
:10968C00D161D16921F48061D161D16941EA0421B0
:10969C00D161002283F83C200020F0BC70471A688E
:1096AC000E68106A146A20F0020024F0010414629F
:1096BC005568946924F0730434438E6830434B4EE0
:1096CC00B24261D055604D6894610C69556310626B
:1096DC00916941F008019161916921F00401916156
:1096EC00916921439161D4E71A680E68106A146A73
:1096FC0020F0200024F0100414625568946924F4BE
:10970C00E64444EA06248E6840EA0610374EB2421C
:10971C0047D055604D6894610C69956310629169EE
:10972C0041F400619161916921F4806191619169C9
:10973C0041EA04219161ACE71A680E68106A146A58
:10974C0020F4007024F4807414625568D46924F0F9
:10975C00730434438E6840EA0620244EB24235D05E
:10976C0055604D68D4610C69D5631062D16941F0C4
:10977C000801D161D16921F00401D161D169214382
:10978C00D16186E702207047CE6820F00800304394
:10979C0025F44075D1E905673E4320F004003543BC
:1097AC0090E7CE6820F0800040EA061025F4406572
:1097BC00D1E905673E4320F0400045EA8605A8E75D
:1097CC004E6925F4804545EA861550E7CE6820F4AD
:1097DC00006040EA062025F44055D1E905673E4378
:1097EC0020F4806045EA0615BAE700BF002C014062
:1097FC0090F83C20012A6ED0034630B4012002249C
:10980C001A6883F83C0083F83D40946824F47F4444
:10981C0024F0770494600C68602C76D019D8402C16
:10982C005BD02ED8202C04D000F2888034F01001AC
:10983C0007D1916821F07001214341F0070191603B
:10984C0000200121002283F83D1083F83C2030BC1D
:10985C007047B4F5805FF3D0B4F5005F2BD0702C5B
:10986C00EFD1D1E9015094682843CD6824F47F41AD
:10987C0040EA052008439060916841F077019160BF
:10988C00DEE7502CDDD14868CC68116A21F00A0162
:10989C000843116A21F001011162916921F0F00174
:1098AC0041EA041191611062916821F0700141F05C
:1098BC0057019160C4E7D1E9015094682843CD6801
:1098CC0024F47F4140EA052008439060916841F4FC
:1098DC0080419160B4E7022070474868CC68116AF7
:1098EC0021F00A010843116A21F00101116291690A
:1098FC0021F0F00141EA041191611062916821F0AC
:10990C00700141F0470191609AE74868CC68116A90
:10991C0021F0A00141EA0011106A20F01000106241
:10992C00906920F4704040EA0430906111629168B3
:10993C0021F0700141F06701916081E7302C3FF418
:10994C0078AF7EE7704700BF704700BF704700BF1D
:10995C00704700BF704700BF036870B5DE681D69B3
:10996C000446A90701D5B20751D4690701D572077E
:10997C003AD42B0701D5300724D4EA0601D5F306D7
:10998C0010D4E80701D5F10757D42A0601D53306C0
:10999C005BD4680601D571065FD4AA0601D5B3065F
:1099AC0042D470BD6FF01001082223682046196163
:1099BC002277DB6913F4407F63D0FFF7C7FF0023E6
:1099CC002377DEE76FF00801042223682046196133
:1099DC002277DB69990751D1FFF7B6FF2046FFF7D5
:1099EC00B7FF00232377C8E76FF004010222236836
:1099FC002046196122779B6913F4407F3BD1FFF716
:109A0C00A3FF2046FFF7A4FF00232377B1E76FF0F5
:109A1C0002021A61012202779B699B0725D0FFF78E
:109A2C0095FF00232377A0E76FF0200223682046E0
:109A3C00BDE870401A6100F05DB86FF00102236858
:109A4C0020461A61FFF77EFF9FE76FF080022368C4
:109A5C0020461A6100F050F89BE76FF04002236833
:109A6C0020461A61FFF776FF97E7FFF76DFF204658
:109A7C00FFF76EFFD5E7FFF769FFC5E7FFF766FF56
:109A8C00AFE7FFF761FF2046FFF762FF97E700BFE4
:109A9C0090F83C20012A27D0034602201A6830B4E3
:109AAC0083F83D0050680C68104D20F07000204386
:109ABC00AA429468506009D0B2F1804F06D00C488D
:109ACC00824203D000F58060824204D1496824F0C0
:109ADC0080040C4394600022012183F83C2083F81D
:109AEC003D10104630BC704702207047002C0140DE
:109AFC0000040040704700BF704700BF0EB46FF009
:109B0C00004110B500249DB01FAB02900690079148
:109B1C0004910948094953F8042B0591006802A9DE
:109B2C0001931B9400F0A4F9029B1C701DB0BDE8BE
:109B3C00104003B0704700BF180000200802FFFF60
:109B4C0003460244934200D1704703F8011BF9E726
:109B5C00014B1868704700BF1800002070B5002634
:109B6C000C4D0D4B5B1B9C10A64209D1002600F03E
:109B7C007DFC0A4D0A4B5B1B9C10A64205D170BDA7
:109B8C0055F8043B98470136EEE755F8043B9847E7
:109B9C000136F2E7E0BB0008E0BB0008E0BB0008C0
:109BAC00E4BB0008704770470A44914200F1FF3350
:109BBC0000D1704710B511F8014B914203F8014FD9
:109BCC00F9D110BD38B50546002940D051F8043CF8
:109BDC000C1F002BB8BFE41800F0DEF81C4A136809
:109BEC0033B9636014602846BDE8384000F0DAB839
:109BFC00A34208D9206821188B4201BF19685B6801
:109C0C0009182160EDE71A465B680BB1A342FAD93B
:109C1C0011685018A0420BD120680144501883429F
:109C2C001160E0D118685B68084410605360DAE793
:109C3C0002D90C232B60D6E7206821188B4201BF78
:109C4C0019685B680918216063605460CBE738BD04
:109C5C001C05002070B50F4E0C463168054611B935
:109C6C0000F0B0FB30602146284600F0ABFB431CF3
:109C7C0003D14FF0FF34204670BDC41C24F0030404
:109C8C00A042F8D0211A284600F09CFB0130F2D1FA
:109C9C00EFE700BF180500202DE9F843CD1C25F097
:109CAC00030508350C2D38BF0C25002D064601DBAD
:109CBC00A94204D90C2333600020BDE8F883DFF8F7
:109CCC00D48000F069F8D8F800301C4644BB294613
:109CDC003046FFF7BFFF431C044658D1D8F800406C
:109CEC002746002F43D1002C4BD0236839463046F1
:109CFC0004EB030900F066FB814542D12168304634
:109D0C006D1A2946FFF7A6FF01303AD023682B4481
:109D1C002360D8F800305A6862BBC8F800700FE0B6
:109D2C002268521B20D40B2A17D96119A342256033
:109D3C0018BF5960636808BFC8F8001062514B60C7
:109D4C00304600F02FF804F10B00231D20F0070023
:109D5C00C21A1CBF1B1AA350AFE76268A3420CBF08
:109D6C00C8F800205A60EBE723466468AEE73C462F
:109D7C007F68B6E71A465B68A342FBD100235360A9
:109D8C00DEE70C233046336000F00CF894E70560F6
:109D9C00D6E700BF1C0500200148FFF703BF00BF3A
:109DAC00140500200148FFF7FEBE00BF140500207B
:109DBC002DE9F0471F468E688246BE420C469046FF
:109DCC00334653D8B1F90C0010F4906F2BD0656961
:109DDC002368096905EB4505A3EB010905EBD5756E
:109DEC007B1C6D104B44AB422A4684BF1D462A4651
:109DFC00430527D511465046FFF74EFF064658B38C
:109E0C004A462169FFF7D0FEA38923F4906343F0FF
:109E1C008003A38126614E4426603B463E46656125
:109E2C00A5EB0905A5601F463A464146206800F09F
:109E3C00AFFA0020A3689B1BA36023683B442360FC
:109E4C00BDE8F087504600F0DBFA06460028E1D169
:109E5C0050462169FFF7B6FE0C23CAF80030A389DF
:109E6C004FF0FF3043F04003A381E9E73E46DBE7C8
:109E7C002DE9F0471F468B8906461B060D461446F6
:109E8C009CB010D50B6973B94021FFF705FF286012
:109E9C00286130B90C2333604FF0FF301CB0BDE8A3
:109EAC00F08740236B610023099320238DF8293020
:109EBC0030234FF001080397644F8DF82A30234666
:109ECC00994613F8012B0AB1252AF9D1B9EB040AEA
:109EDC000BD05346224629463046FFF769FF013026
:109EEC0000F0A480099A5244099299F80030002B92
:109EFC0000F09C8000234FF0FF32CDE9052309F1DF
:109F0C000109049307938DF853301A934C4605229C
:109F1C0014F8011B4D4800F065FA049BD0B9D80623
:109F2C0044BF20228DF85320190744BF2B228DF8F3
:109F3C00532099F800202A2A13D04C4600204FF0C9
:109F4C000A0C079A214611F8013B303B092B49D9E1
:109F5C0068B913E0C01B08FA00F01843A14604903E
:109F6C00D4E7039A111D12680391002A01DB0792B2
:109F7C0004E0524243F002030792049323782E2B01
:109F8C000AD163782A2B32D1039B02341A1D1B6829
:109F9C00039243EAE3730593DFF8B4900322484637
:109FAC00217800F01FFA38B14022049BA0EB090085
:109FBC00824013430134049314F8011B06222548F4
:109FCC008DF8281000F00EFA002835D0224818BB66
:109FDC00039B073323F0070308330393099B0344C4
:109FEC0009936CE70C4601200CFB0232AAE7002314
:109FFC004FF00A0C194601340593204610F8012B3A
:10A00C00303A092A03D9002BC6D00591C4E704467F
:10A01C0001230CFB0121F0E703AB00932A463046E9
:10A02C000E4B04A9AFF30080421CD7D1AB895B0661
:10A03C003FF532AF099831E703AB00932A4630461F
:10A04C00064B04A900F07EF8EEE700BFA4BB0008A5
:10A05C00AABB0008AEBB000800000000BD9D0008B4
:10A06C002DE9F047164698468A680B6907469342D5
:10A07C00B8BF1346336091F843200C46DDF82090AE
:10A08C000AB1013333602368990642BF3368023347
:10A09C003360256815F0060506D104F1190AE3684A
:10A0AC0032689B1AAB422BDC94F843302268003B9D
:10A0BC0018BF0123920630D44146384604F14302BE
:10A0CC00C847013023D02368226903F00603042B10
:10A0DC0014BF002533684FF0000608BFE56804F193
:10A0EC001A0408BFED1A54F8123C08BF25EAE575AE
:10A0FC009342C4BF9B1AED18B5421AD1002008E058
:10A10C000123524641463846C847013003D14FF02F
:10A11C00FF30BDE8F0870135C1E73020E11881F848
:10A12C0043005A1C94F845102244023382F8431021
:10A13C00C2E70123224641463846C8470130E6D0E3
:10A14C000136D9E72DE9F0430D7E85B0782D904688
:10A15C0007460C4699460C9E01F1430207D8622D26
:10A16C000AD8002D00F0D780582D00F0BC8004F1E7
:10A17C00420684F842503BE0A5F16303152BF6D858
:10A18C0001A151F823F000BFEDA1000801A20008C5
:10A19C007BA100087BA100087BA100087BA1000823
:10A1AC0001A200087BA100087BA100087BA100088C
:10A1BC007BA1000809A300082BA20008BBA2000881
:10A1CC007BA100087BA100082BA300087BA1000841
:10A1DC002BA200087BA100087BA10008C3A20008E9
:10A1EC0033681A1D1B68326004F1420684F8423051
:10A1FC000123A1E033682068191D3160060601D5E2
:10A20C001D6803E04506FBD5B3F90050002D03DAB9
:10A21C002D236D4284F843300A235B4811E02168FA
:10A22C003368080653F8045B02D4490648BFADB244
:10A23C003360237E54486F2B5CD10823002184F8B3
:10A24C0043106668002EA66005DB21682E4321F0C2
:10A25C000401216050D01646B5FBF3F103FB115CF1
:10A26C0010F80CC006F801CDAC4663450D46F3D989
:10A27C00082B0BD12368DB0708D523696168994249
:10A28C00DEBF302306F8013C06F1FF36921B22613B
:10A29C00434621463846CDF8009003AAFFF7E0FE6E
:10A2AC0001304ED14FF0FF3005B0BDE8F08323688C
:10A2BC0043F0200323607825344884F84550236804
:10A2CC00316813F0800F51F8045B03D113F0400F89
:10A2DC0018BFADB23160D90744BF43F020032360EF
:10A2EC001DB11023AAE72848E7E7236823F02003D1
:10A2FC002360F6E70A23A1E71646B9E73368256819
:10A30C00181D616930602E061B6801D5196002E0CA
:10A31C006806FBD51980002316462361B8E733681D
:10A32C0000211A1D32601E686268304600F05AF82F
:10A33C0008B1801B606063682361002384F843309C
:10A34C00A6E73246414638462369C8470130A9D0B2
:10A35C0023689B0713D4E068039B9842B8BF184648
:10A36C00A2E70123324641463846C847013099D00E
:10A37C000135E36803995B1AAB42F2DCEBE700258D
:10A38C0004F11906F5E700BFB5BB0008C6BB000811
:10A39C00884210B501EB020402D98442234607D847
:10A3AC00431EA14207D011F8012B03F8012FF8E747
:10A3BC000244824200D110BD13F8011D02F8011DA8
:10A3CC00F7E7000038B50023054D044608462B601E
:10A3DC00FBF7C8FB431C02D12B6803B1236038BDCB
:10A3EC0010050020034610B5C9B20244934218462A
:10A3FC0001D1002003E0047801338C42F6D110BD6A
:10A40C002DE9F041074614460D4621B91146BDE829
:10A41C00F041FFF741BC2AB9FFF7D4FB254628468B
:10A42C00BDE8F08100F01AF88442064602D8B4EB7D
:10A43C00500FF4D821463846FFF72EFC804608B959
:10A44C004546ECE7B4422246294628BF3246FFF780
:10A45C00ABFB29463846FFF7B5FBF1E751F8043C56
:10A46C00181F002BBCBF0B58C0187047F8B500BFA5
:10A47C00F8BC08BC9E467047F8B500BFF8BC08BCD9
:04A48C009E46704731
:10A4900000FF0100010000FFFF0000010001FF00BC
:10A4A000D09FD180D0B8D0B2D0B5D182210D0A4D85
:10A4B0004158363637355F31203D0D0A4D4158360B
:10A4C0003637355F32203D0D0A0000005431323DF1
:10A4D00020202020202054434A3D20202020200DF1
:10A4E0000A546865726D4B3D000000004475747934
:10A4F0003D20202020447574793D202020200D0A25
:10A500004F75744C3D202020204F7574523D000043
:10A51000C2B04300200000000D0A000048313200A4
:10A52000483620004831330048313000483131008E
:10A5300048313420000000002020205732355131AE
:10A5400030200D0A49443A0020202057323551323C
:10A5500030200D0A49443A0020202057323551342A
:10A5600030200D0A49443A00202020573235513816
:10A5700030200D0A49443A0020202057323551310D
:10A5800036200D0A49443A002020205732355133F5
:10A5900032200D0A49443A002020205732355136E6
:10A5A00034200D0A49443A002020205732355131D9
:10A5B0003238200D0A49443A00000000202020577C
:10A5C000323551323536200D0A49443A0000000038
:10A5D00020202057323551353132200D0A49443A76
:10A5E00000000000252E3258252E3258252E3258D4
:10A5F000252E3258252E3258252E3258252E3258E7
:10A60000252E32580D0A00004D656D6F7269653A4E
:10A6100020202020200000006B420D0A5061676559
:10A6200053697A653A202020200000000D0A50610D
:10A630006765436F756E743A202020000D0A5365DC
:10A6400063746F7253697A653A2020000D0A53656E
:10A6500063746F72436F756E743A2000426C6F635F
:10A660006B53697A653A2020000000000D0A426CA5
:10A670006F636B436F756E743A200000D09ED18873
:10A68000D0B8D0B1D0BAD0B020D0B8D0BDD0B8D129
:10A6900086D0B8D0B0D0BBD0B8D0B7D0B0D186D0EB
:10A6A000B8D0B80D0AD0BCD0B8D0BAD180D0BED105
:10A6B00081D185D0B5D0BCD18B20666C6173680028
:10A6C000454550524F4D204552524F520000000018
:10A6D000454550524F4D204F4B000000D0A1D0BEF9
:10A6E000D185D180D0B0D0BDD0B5D0BDD0BE20D026
:10A6F000B2D0BE20666C617368000000202020206C
:10A700002020202020202020202020202020000089
:10A71000D0A1D0BED185D180D0B0D0BDD0B5D0BD74
:10A72000D0BE20D0B220454550524F4D0000000011
:10A73000D097D0B0D0B3D180D183D0B6D0B5D0BD72
:10A74000D0BE20D0B8D0B720666C6173680000001E
:10A75000D097D0B0D0B3D180D183D0B6D0B5D0BD52
:10A76000D0BE20D0B8D0B720454550524F4D000044
:10A7700020202020202020202020202020202020D9
:10A78000202020001829300A1FFFC03FFFE05FFF94
:10A79000D0EFFFB8F00078F00078F00078F00078A3
:10A7A000F00078F00078F00078F00078F00078F0B1
:10A7B0000078F00078F00078F00078F00078E000A1
:10A7C00038800008000000800008E00038F00078C1
:10A7D000F00078F00078F00078F00078F00078F081
:10A7E0000078F00078F00078F00078F00078F00061
:10A7F00078F00078F00078EFFFB85FFFD03FFFE01F
:10A800001FFFC00000000000000000100000380022
:10A8100000780000780000780000780000780000E0
:10A820007800007800007800007800007800007858
:10A830000000780000780000780000380000080070
:10A8400000000000080000380000780000780000D8
:10A850007800007800007800007800007800007828
:10A860000000780000780000780000780000780090
:10A8700000780000380000100000000000001FFFFA
:10A88000C03FFFE01FFFD00FFFB800007800007846
:10A890000000780000780000780000780000780060
:10A8A0000078000078000078000078000078000050
:10A8B000780000780FFFB81FFFC87FFFF09FFFC030
:10A8C000EFFF80F00000F00000F00000F00000F06A
:10A8D0000000F00000F00000F00000F00000F000C8
:10A8E00000F00000F00000F00000F00000EFFF803A
:10A8F0005FFFC03FFFE01FFFC01FFFC03FFFE01F23
:10A90000FFD00FFFB800007800007800007800004A
:10A910007800007800007800007800007800007867
:10A920000000780000780000780000780000780FC0
:10A93000FFB81FFFC87FFFF01FFFC80FFFB8000060
:10A940007800007800007800007800007800007837
:10A95000000078000078000078000078000078009F
:10A9600000780000780000780FFFB81FFFD03FFF8D
:10A97000E01FFFC0000000000000400010E00038B1
:10A98000F00078F00078F00078F00078F00078F0CF
:10A990000078F00078F00078F00078F00078F000AF
:10A9A00078F00078F00078F00078EFFFB89FFFC8EB
:10A9B0007FFFF01FFFC80FFFB8000078000078008D
:10A9C000007800007800007800007800007800002F
:10A9D00078000078000078000078000078000078A7
:10A9E0000000780000380000100000000000001F88
:10A9F000FFC03FFFE05FFFC0EFFF80F00000F0000E
:10AA000000F00000F00000F00000F00000F0000096
:10AA1000F00000F00000F00000F00000F00000F096
:10AA20000000F00000EFFF809FFFC07FFFF01FFFDE
:10AA3000C80FFFB8000078000078000078000078A8
:10AA400000007800007800007800007800007800AE
:10AA500000780000780000780000780000780FFF90
:10AA6000B81FFFD03FFFE01FFFC01FFFC03FFFE048
:10AA70005FFFC0EFFF80F00000F00000F00000F08A
:10AA80000000F00000F00000F00000F00000F00016
:10AA900000F00000F00000F00000F00000F0000006
:10AAA000EFFF809FFFC07FFFF09FFFC8EFFFB8F070
:10AAB0000078F00078F00078F00078F00078F0008E
:10AAC00078F00078F00078F00078F00078F0007806
:10AAD000F00078F00078F00078EFFFB85FFFD03F2B
:10AAE000FFE01FFFC01FFFC03FFFE01FFFD00FFFB1
:10AAF000B800007800007800007800007800007846
:10AB000000007800007800007800007800007800ED
:10AB1000007800007800007800007800003800001D
:10AB200008000000000008000038000078000078ED
:10AB300000007800007800007800007800007800BD
:10AB400000780000780000780000780000780000AD
:10AB500078000078000038000010000000000000BD
:10AB60001FFFC03FFFE05FFFD0EFFFB8F00078F0BD
:10AB70000078F00078F00078F00078F00078F000CD
:10AB800078F00078F00078F00078F00078F0007845
:10AB9000F00078F00078EFFFB89FFFC87FFFF09FCC
:10ABA000FFC8EFFFB8F00078F00078F00078F00010
:10ABB00078F00078F00078F00078F00078F0007815
:10ABC000F00078F00078F00078F00078F00078EF8E
:10ABD000FFB85FFFD03FFFE01FFFC01FFFC03FFF78
:10ABE000E05FFFD0EFFFB8F00078F00078F0007879
:10ABF000F00078F00078F00078F00078F00078F05D
:10AC00000078F00078F00078F00078F00078F0003C
:10AC100078EFFFB89FFFC87FFFF01FFFC80FFFB896
:10AC200000007800007800007800007800007800CC
:10AC300000780000780000780000780000780000BC
:10AC4000780000780000780000780FFFB81FFFD070
:10AC50003FFFE01FFFC00000081020A00000000020
:10AC600000000000000000000000000000000010D4
:10AC7000101010101010100010000000000000282C
:10AC80002828000000000000000000000000001262
:10AC90001224FF2424FF4848480000000000003C24
:10ACA000529090701C121294781000000000006204
:10ACB000949498681619292946000000000000386D
:10ACC00044444830508A8486790000000000001017
:10ACD000101000000000000000000000000000084C
:10ACE000101020202020202020101008000000201C
:10ACF00010100808080808080810102000000010AC
:10AD00007C1028000000000000000000000000008F
:10AD100000101010FE1010100000000000000000D5
:10AD200000000000000000001010100000000000F3
:10AD300000000000003C00000000000000000000D7
:10AD400000000000000000001000000000000004EF
:10AD50000408080810101020200000000000003C2B
:10AD600042424242424242423C000000000000088F
:10AD70001828080808080808080000000000003C1F
:10AD800042420202040810207E0000000000003C45
:10AD90004242021C020242423C0000000000000449
:10ADA0000C14142424447E04040000000000003E1F
:10ADB00020407C42020242443C0000000000001C93
:10ADC0002240405C624242423C0000000000007EA3
:10ADD0000204040808081010100000000000003CE5
:10ADE0004242423C424242423C0000000000003CE1
:10ADF000424242463A02024438000000000000008D
:10AE00000008000000000000080000000000000032
:10AE100000100000000000001010100000000000F2
:10AE200000020C3040300C02000000000000000066
:10AE300000007E00007E0000000000000000000016
:10AE40000040300C020C3040000000000000003CCC
:10AE50004242020408101000100000000000003EF2
:10AE6000418195ADA5A5A5AD9680413E000000109D
:10AE700028282844447C828282000000000000FCD4
:10AE8000828282FC82828282FC0000000000003C00
:10AE900042808080808080423C000000000000F8FA
:10AEA0008482828282828284F8000000000000FE98
:10AEB000808080FE80808080FE000000000000FE18
:10AEC000808080FC8080808080000000000000384E
:10AED000448280808E82824438000000000000821C
:10AEE000828282FE82828282820000000000001044
:10AEF00010101010101010101000000000000004BE
:10AF000004040404040444443800000000000082E7
:10AF100082848890A8C4848282000000000000809F
:10AF20008080808080808080FE00000000000082A1
:10AF3000C6C6AAAA92928282820000000000008205
:10AF4000C2A2A292928A8A86820000000000003883
:10AF5000448282828282824438000000000000FC29
:10AF600082828282FC8080808000000000000038A5
:10AF7000448282828282944C36000000000000FCF1
:10AF800082828282FC908884820000000000007C23
:10AF9000828280700E0282827C000000000000FE2F
:10AFA000101010101010101010000000000000828F
:10AFB0008282828282828244380000000000008205
:10AFC0008282824444282810100000000000008281
:10AFD00092929292AAAAAA44440000000000004261
:10AFE000424224181824424242000000000000821D
:10AFF000824444281010101010000000000000FED1
:10B000000404080810202040FE0000000000001882
:10B010001010101010101010101010180000002048
:10B020002010101008080804040000000000001898
:10B030000808080808080808080808180000001090
:10B040002828284400000000000000000000000044
:10B0500000000000000000000000FF0000000010E1
:10B0600008000000000000000000000000000000D8
:10B07000003C42021E2242463A000000000000400E
:10B08000405C6242424242625C00000000000000FC
:10B0900000384440404040443800000000000002B6
:10B0A000023A4642424242463A0000000000000096
:10B0B000003C42427E4040423C0000000000000054
:10B0C0000C103C10101010101010000000000000B8
:10B0D000003A4642424242463A02423C00000040A8
:10B0E000405C6242424242424200000000000010C6
:10B0F00000101010101010101000000000000008C8
:10B10000000808080808080808080830000000407F
:10B11000404244485068444442000000000000108F
:10B12000101010101010101010000000000000008F
:10B1300000ACDA929292929292000000000000001D
:10B14000005C6242424242424200000000000000B5
:10B15000003C4242424242423C00000000000000EB
:10B16000005C6242424242625C404040000000009B
:10B17000003A4642424242463A02020200000000C1
:10B180000058604040404040400000000000000087
:10B190000038444038040444380000000000001027
:10B1A000103C1010101010101C00000000000000D7
:10B1B00000424242424242463A0000000000000083
:10B1C0000082824444282810100000000000000083
:10B1D000009292AAAAAAAA4444000000000000001B
:10B1E000004224241818242442000000000000001B
:10B1F00000828244442828281010106000000000BB
:10B20000007E0408081010207E00000000000008E6
:10B210001010101010201010101010080000001056
:10B22000101010101010101010101010000000203E
:10B230001010101010081010101010200000000046
:10B24000000000729E0000000000000000000010DE
:10B250002828284444FE828282000000000000FC6E
:10B26000808080FC82828282FC000000000000FC62
:10B27000828282FC82828282FC0000000000007ECA
:10B280004040404040404040400000000000003C42
:10B290002424242424244444FE828200000000FE4E
:10B2A000808080FE80808080FE0000000000009290
:10B2B0009292543854929292920000000000003C06
:10B2C00042020418040202423C0000000000008216
:10B2D000868A8A9292A2A2C2820000002838008246
:10B2E000868A8A9292A2A2C2820000000000008692
:10B2F000888890E090888884820000000000003EEA
:10B300002222222222222222C200000000000082E9
:10B31000C6C6AAAA92928282820000000000008221
:10B32000828282FE828282828200000000000038D7
:10B33000448282828282824438000000000000FE43
:10B34000828282828282828282000000000000FC6F
:10B3500082828282FC808080800000000000003CAD
:10B3600042808080808080423C000000000000FE1F
:10B3700010101010101010101000000000000082BB
:10B3800082444428281010106000000000000010C3
:10B3900038549292929254381000000000000042FB
:10B3A0004242241818244242420000000000008457
:10B3B0008484848484848484FE0202020000004227
:10B3C000424242423E02020202000000000000929D
:10B3D0009292929292929292FE000000000000924D
:10B3E0009292929292929292FF010101000000C00B
:10B3F0004040407C424242427C000000000000820B
:10B40000828282F28A8A8A8AF2000000000000802A
:10B41000808080FC82828282FC0000000000007834
:10B420008402023E020202847800000000000088CC
:10B4300094A2A2A2E2A2A294880000000000007ED2
:10B44000828282827E12224282000000000000007E
:10B45000003C42021E2242463A0000000000003E2C
:10B46000405C6242424242423C0000000000000058
:10B470000078444478444444780000000000000010
:10B48000003C2020202020202000000000000000A0
:10B49000003C242424244444FE8282000000000056
:10B4A000003C42427E4040423C0000000000000060
:10B4B00000929254385492929200000000000000D2
:10B4C0000038440418040444380000000000000060
:10B4D000004246464A5252624200000000002418D0
:10B4E000004246464A5252624200000000000000FC
:10B4F00000444850605048484400000000000000EC
:10B50000003E222222222222C2000000000000006F
:10B5100000C6C6C6AAAA92929200000000000000CF
:10B52000004242427E4242424200000000000000CF
:10B53000003C4242424242423C0000000000000007
:10B54000007E4242424242424200000000000000AF
:10B55000005C6242424242625C40404000000000A7
:10B5600000384440404040443800000000000000E3
:10B5700000FE10101010101010000000000000005D
:10B580000082824444282828101010600000001017
:10B59000107C9292929292927C1010100000000007
:10B5A0000042242418182424420000000000000057
:10B5B0000084848484848484FE02020200000000EB
:10B5C00000424242221E020202000000000000006F
:10B5D0000092929292929292FE000000000000006F
:10B5E0000092929292929292FF010101000000005B
:10B5F00000E020203C2222223C000000000000004D
:10B6000000828282F28A8A8AF20000000000000032
:10B61000004040407C4242427C00000000000000AC
:10B62000003844041C0444443800000000000000BA
:10B63000009CA2A2E2A2A2A29C00000000000000C6
:10B64000003E4242423E2242420000000000000012
:10B650000038444070404444380000000000002896
:10B660000010101010101010100000000000003C1E
:10B67000428080F8808080423C000000002800105A
:10B68000101010101010101010000000002800FE04
:10B69000808080FE80808080FE000000000000141A
:10B6A000003C42427E4040423C000000E67F8979F7
:10B6B0008873DB6D7E686B639F5E165ACB55BA51FB
:10B6C000E04D3B4AC64680436540733DA83A023888
:10B6D0007D351A33D530AD2EA02CAD2AD3281027B6
:10B6E0006325CB234622D420741F231EE31CB21BE8
:10B6F000901A7A197218751785169F15C314F113CD
:10B7000029136A12B31104115D10BD0F240F910E9D
:10B71000050E0000000027004F0077009E00C600C5
:10B72000EE0015013D0165018D01B501DD01050248
:10B730002D0255027D02A502CE02F6021E0346032B
:10B740006F039703C003E8031104390462048B04F8
:10B75000B304DC0405052E0556057F05A805D105B3
:10B76000FA0523064C0675069E06C706F00619075D
:10B7700042076B079507BE07E70710083A086308FA
:10B780008C08B608DF08080932095B098409AE098C
:10B79000D709010A2A0A540A7D0AA70AD00AFA0A16
:10B7A000230B4D0B760BA00BC90BF30B1C0C460C9B
:10B7B000700C990CC30CEC0C160D3F0D690D920D1D
:10B7C000BC0DE50D0F0E380E620E8B0EB50EDE0EA3
:10B7D000080F310F5B0F840FAD0FD70F00102A1029
:10B7E00053107C10A610CF10F81021114B117411BA
:10B7F0009D11C611EF11191242126B129412BD1253
:10B80000E6120F13381361138A13B313DC130414F5
:10B810002D1456147F14A814D014F91422154A15A7
:10B8200073159C15C415ED1515163E1667168F1663
:10B83000B716E0160817311759178117AA17D2172C
:10B84000FA1723184B1873189B18C318EC181419FF
:10B850003C1964198C19B419DC19041A2D1A551ADB
:10B860007D1AA51ACD1AF51A1D1B451B6D1B941BBD
:10B87000BC1BE41B0C1C341C5C1C841CAC1CD41CAA
:10B88000FC1C241D4C1D741D9B1DC31DEB1D131E94
:10B890003B1E631E8B1EB31EDB1E031F2B1F531F7D
:10B8A0007B1FA31FCA1FF21F1A2042206A2092206A
:10B8B000BA20E2200A2133215B218321AB21D3214D
:10B8C000FB2123224B2273229C22C422EC2214232C
:10B8D0003C2365238D23B523DD2306242E24562403
:10B8E0007F24A724CF24F8242025492571259A25D3
:10B8F000C225EB2513263C2664268D26B526DE269A
:10B9000007272F2758278127A927D227FB27242855
:10B910004C2875289E28C728F028182941296A290B
:10B920009329BC29E5290E2A372A602A892AB22AB6
:10B93000DB2A042B2D2B562B7F2BA82BD12BFB2B5B
:10B94000242C4D2C762C9F2CC92CF22C1B2D442DF5
:10B950006E2D972DC02DE92D132E3C2E652E8F2E8A
:10B96000B82EE12E0B2F342F5E2F872FB12FDA2F19
:10B9700003302D3056308030A930D330FC302631A2
:10B9800050317931A331CC31F6311F324932733223
:10B990009C32C632F032193343336D339633C033A1
:10B9A000EA3313343D3467349134BA34E4340E3519
:10B9B000383561358B35B535DF35093632365C368D
:10B9C0008636B036DA3604372E3757378137AB37FD
:10B9D000D537FF37293853387D38A738D138FB3869
:10B9E00025394F397939A339CD39F739213A4B3ACD
:10B9F000753A9F3AC93AF33A1D3B473B713B9B3B33
:10BA0000C53BEF3B193C433C6D3C973CC23CEC3C96
:10BA1000163D403D6A3D943DBE3DE93D133E3D3EF1
:10BA2000673E913EBB3EE63E103F3A3F643F8E3F4D
:10BA3000B93FE33F0D40374062408C40B640E040A4
:10BA40000B4135415F418A41B441DE4108423342F6
:10BA50005D428742B242DC42064331435B43854349
:10BA6000B043DA4305442F4459448444AE44D84497
:10BA700003452D4558458245AD45D74501462C46E1
:10BA800056468146AB46D64600472A4755477F472C
:10BA9000AA47D447FF47294854487E48A948D34875
:10BAA000FE48284953497D49A849D249FD49274ABA
:10BAB000524A7C4AA74AD24AFC4A274B514B7C4BFC
:10BAC000A64BD14BFB4B264C514C7B4CA64CD04C3F
:10BAD000FB4C264D504D7B4DA54DD04DFA4D254E7E
:10BAE000504E7A4EA54ECF4EFA4E254F4F4F7A4FBD
:10BAF000A54FCF4FFA4F24504F507A50A450CF50FB
:10BB0000FA5024514F517951A451CF51F951245237
:10BB10004F527952A452CF52F95224534E53795373
:10BB2000A453CE53F95324544E547954A454CE54B0
:10BB3000F95424554E557955A455CE55F9552456EA
:10BB40004E567956A356CE56F95623574E57795727
:10BB5000A357CE57F95723584E587958A358CE5863
:10BB6000F85800000000000001020304000000007B
:10BB7000000000000102030406070809010200009A
:10BB800002030405060708090A0B0C0D0E0F10101E
:10BB90000102000002030405060708090A0B0C0D48
:10BBA0000E0F1010232D302B2000686C4C006566A2
:10BBB00067454647003031323334353637383941FE
:10BBC0004243444546003031323334353637383914
:08BBD000616263646566000018
:08BBD8007445FF7F010000002D
:04BBE0003101000827
:04BBE4000D01000847
:10BBE80001010203020000003333534000127A00BF
:10BBF80001000000100000001C00002000000000F0
:10BC0800D803002040040020A80400200000000001
:10BC1800000000000000000000000000000000001C
:10BC2800000000000000000000000000000000000C
:10BC380000000000000000000000000000000000FC
:08BC48000000000000000000F4
:040000050800697115
:00000001FF
