:020000040800F2
:1000000000000120C9680008E5590008E959000806
:10001000ED590008F1590008F559000800000000EA
:10002000000000000000000000000000F959000876
:10003000FD59000800000000015A0008055A000898
:100040001969000819690008196900081969000888
:100050001969000819690008196900081969000878
:100060001969000819690008196900081969000868
:100070001969000819690008196900081969000858
:1000800019690008196900081969000800000000D2
:1000900000000000000000000000000019690008D6
:1000A0001969000819690008196900081969000828
:1000B0001969000819690008255A0008196900081B
:1000C0001969000819690008196900081969000808
:1000D0001969000819690008196900080000000082
:1000E0001969000819690008196900080000000072
:1000F0000000000000000000000000001969000876
:100100000000000019690008196900081969000851
:1001100000000000000000000000000000000000DF
:1001200019690008196900081969000819690008A7
:100130001969000800000000000000000000000035
:10014000000000000000000000000000815A0008CC
:100150001969000819690008196900081969000877
:10016000196900081969000800000000000000007B
:10017000000000000000000000000000000000007F
:1001800000000000196900080000000000000000E5
:0401900019690008E1
:1001A00010B5054C237833B9044B13B10448AFF3B1
:1001B00000800123237010BD5801002000000000C2
:1001C00034D3000808B5034B1BB103490348AFF310
:1001D000008008BD000000005C01002034D300084E
:1001E000034613F8012B002AFBD1181A0138704777
:1001F00001F0FF01102A2BDB10F0070F08D010F8D8
:10020000013B013A8B422DD010F0070F42B3F6D1DB
:10021000F0B441EA012141EA014122F007047FF0F4
:1002200000070023F0E80256083C85EA010586EA4B
:10023000010685FA47F5A3FA87F586FA47F6A5FA87
:1002400087F68EB9EED1F0BC01F0FF0102F0070293
:1002500032B110F8013B013A83EA010313B1F8D13E
:100260000020704701387047002D06BF354603381F
:10027000073815F0010F07D1013015F4807F02BF58
:10028000013015F4C03F0130F0BC0138704700BFA9
:1002900053B94AB9002908BF00281CBF4FF0FF31ED
:1002A0004FF0FF3000F088B9ADF1080C6DE904CED5
:1002B00000F006F8DDF804E0DDE9022304B0704741
:1002C0002DE9F047089D0F4604468C46002B48D187
:1002D0008A42164661D9B2FA82F34BB1C3F12002C9
:1002E00001FA03FC20FA02F29E4042EA0C0C9C4008
:1002F0004FEA164EB7B2BCFBFEF1220C0EFB11CC3E
:1003000042EA0C4201FB07F0904209D9B21801F110
:10031000FF3C80F0EE80904240F2EB8002393244A4
:10032000121AA4B2B2FBFEF00EFB102244EA024401
:1003300000FB07F7A74209D9341900F1FF3280F01A
:10034000DA80A74240F2D7803444023840EA0140C4
:10035000E41B00211DB1DC400023C5E90043BDE8DA
:10036000F0878B4206D90DB1C5E90001002108468E
:10037000BDE8F087B3FA83F1002948D1BB4202D32C
:10038000824200F20781841A67EB0302012094463F
:10039000002DE4D0C5E9004CE1E7002A00F092808E
:1003A000B2FA82F3002B40F0A8808A1A4FEA164E68
:1003B0001FFA86FC0121200CB2FBFEF70EFB172270
:1003C00040EA02420CFB07F0904207D9B21807F14D
:1003D000FF3802D2904200F2E2804746121AA4B2DD
:1003E000B2FBFEF00EFB102244EA02440CFB00FCC0
:1003F000A44507D9341900F1FF3202D2A44500F216
:10040000CB801046A4EB0C0440EA0740A2E7C1F100
:1004100020068B4022FA06FC4CEA030C07FA01F492
:1004200020FA06F3F7404FEA1C49234300FA01F88B
:100430001FFA8CFEB7FBF9F01C0C09FB107744EA9D
:10044000074400FB0EF7A74202FA01F20AD91CEB9F
:10045000040400F1FF3A80F09B80A74240F29880AC
:1004600002386444E41B9FB2B4FBF9F309FB134464
:1004700047EA044403FB0EFEA64509D91CEB04041D
:1004800003F1FF3780F08280A6457FD9023B6444A8
:1004900043EA0040A4EB0E04A0FB02E7BC42734613
:1004A000B94663D360D05DB1B8EB030264EB0904D5
:1004B00004FA06F622FA01F31E43CC40C5E90064B3
:1004C00000214CE76208480842EAC1710B0C43EA7C
:1004D00000438AB242EA0342B3FBF6F1E407B446B2
:1004E0003746B6461F23B0FBF6F0D21B41EA004167
:1004F00061E7614614E7104628E7C3F1200120FABE
:1005000001F29E4027FA01F19F403A434FEA164E0E
:100510001FFA86FCB1FBFEF70EFB1710110C41EA27
:10052000004107FB0CF8884504FA03F43AD9711826
:1005300007F1FF3001D288451FD8A1EB0801B1FBBC
:10054000FEF808FB0CF70EFB181192B242EA0142CA
:10055000BA422FD2B21808F1FF31C6D2BA42C4D281
:10056000A8F102013244C0E7F0459CD2BEEB020381
:1005700067EB0C070138B94695E7A6EB080841443C
:10058000B81EB1FBFEF808FB0CF7DCE73B467FE743
:10059000504667E70846FBE63444023832E7023F3C
:1005A00032441BE7A1EB08013846B1FBFEF808FB1B
:1005B0000CF7C8E7414698E7704700BF40B139B132
:1005C000A0224FF47A7301600271836000207047AB
:1005D00002207047F0B50D461944B1F5803F87B051
:1005E00037DAB3B3AAB3044698B38168029105F031
:1005F0007F01C1F180018B42A8BF0B469BB20179FC
:10060000CDE900232A460068102307F0AFFC054619
:10061000F8B906F069FC0DF117078DF8175006467A
:10062000012501E006F066FC217920680097CDE9FC
:1006300001551023002207F0B3FD58B106F054FC19
:10064000A26803469B1B93424FF00100EAD90320A6
:1006500000E0022007B0F0BD8C461944B1F5803FA0
:1006600014DA9BB192B188B100B585B0816802916E
:1006700001790068CDE900231023624607F090FD60
:10068000003818BF0120400005B000BD02207047AF
:10069000002857D02DE9F04F91468A18B2F5803FD7
:1006A000A7B08A464ADCB9F1000F47D00446194684
:1006B000802206A80CF0B8F90DF1170801250AF000
:1006C0007F06C6F180064E45A36821792068A8BF41
:1006D0004E46B6B2CDE9016306AB009352461023F5
:1006E00007F044FC834648BB06F0FEFB8DF817B0CC
:1006F00007460AE006F0F8FBA2680346DB1B9342BC
:100700004FF001001AD806F0F5FB21792068CDF8EA
:100710000080CDE901551023002207F041FD00289B
:10072000E8D1A9EB06091FFA89F956441FFA86FA9F
:10073000B9F1000FC3D127B0BDE8F08F022027B078
:10074000BDE8F08F02207047F8B500250E46BDF8D1
:100750001870C3819DF81C3082810446114680F8D0
:100760002830C0E90066C0E9115586600782C5627D
:10077000304607F041F8A37C024662F30003394695
:10078000A374304607F038F8A37C2563400023F0BB
:10079000060300F002001843E562C4E907556563EB
:1007A000C4E91455C4E91655A582A561A074656213
:1007B00084F84C5084F86050A56306F095FB03461E
:1007C000C4E90F33A189606807F016F80346636433
:1007D000E189206807F010F8636CA06443EA4003E5
:1007E000E362F8BD406B704790F82830022B0AD9BD
:1007F000032B12D1036B03F0010343EA41030363AC
:100800004163816370474BB1036B03F0030343EA19
:10081000810303634163816370477047704700BF82
:1008200038B5044606F060FBD4E91131E26A43EAC8
:1008300041035BB29A4211D0E26A554D216B43EA03
:100840008202AA560A4494F8281022630229E3621D
:100850007FD0032900F09080012971D0218AA068FF
:1008600006F0CAFF18B994F84C50002D74D0218AB4
:10087000A06806F0C1FF012839D0218AA06806F0DF
:10088000BBFF012846D0218AA06806F0B5FF0028EA
:100890004BD0A36DA3F10B02B2F5777F10D8E36DB7
:1008A000782B06D994F86030032B02D0012384F80A
:1008B0006030218AA06806F09FFF01280CD038BD67
:1008C000B3F57A7F84BF022384F86030218AA06860
:1008D00006F092FF0128F2D106F006FB636D03F5E6
:1008E000FA73984284BF002384F8603038BD94F8CE
:1008F0004C30002BC1D0002384F84C3006F0F4FAC1
:10090000236D6065C01AA065218AA06806F074FF97
:100910000128B8D106F0E8FA636D218AC01AE065B3
:10092000A06806F069FF0028B3D106F0DDFA236D58
:1009300003F57A73984284BF022384F86030A8E7F5
:10094000032B8BD1236BE26B9B10C4E90F02636313
:1009500084E7002B82D1F5E7012384F84C3006F0C0
:10096000C3FAE36D2065772B8CBF2B460323C4E9C4
:10097000165584F860307AE713B1032B7FF46EAF1D
:10098000236BE26B5B10C4E90F02636366E700BF91
:100990004CD3000810B581890446406806F02CFF4E
:1009A0000346E1892068636406F026FFA0642046C0
:1009B000BDE81040FFF734BF90F86000704700BFFB
:1009C00038B5102260215E4C0546B0F9040004F0F1
:1009D00053FD5C4804F092FB2368972B05D85A48D6
:1009E00004F08CFB2368972BF9D9B5F90600202277
:1009F000602104F041FD534804F080FB2368972BED
:100A000005D8514804F07AFB2368972BF9D94F4851
:100A100004F074FBB5F908003022202104F02CFD0D
:100A2000484804F06BFB23684F2B05D8464804F078
:100A300065FB23684F2BF9D9B5F90C0030227021E2
:100A400004F01AFD3F4804F059FB2368672B05D8D2
:100A50003D4804F053FB2368672BF9D9B5F90A0028
:100A60004022382104F008FD364804F047FB236893
:100A7000972B05D8344804F041FB2368972BF9D90C
:100A8000B5F900005E22282104F0F6FC2368472B0C
:100A900005D82D4804F032FB2368472BF9D9B5F966
:100AA00002005E22702104F0E7FC2368972B05D832
:100AB000254804F023FB2368972BF9D92B691A7B6F
:100AC000032A09D8DFE802F0352E021B20486E22E7
:100AD000282104F021FB2B695B7BCBB1012B04D0D7
:100AE00006F002FA1B4B186038BD1B486E227021BD
:100AF00004F012FB06F0F8F9164B186038BD1748E1
:100B00006E22282104F008FB2B695B7B002BE5D1CA
:100B100013486E22702104F0FFFA06F0E5F90D4B40
:100B2000186038BD0F486E22282104F0F5FA2B69B1
:100B3000D2E70D486E22282104F0EEFA2B69CBE7AC
:100B4000440400205CD3000860D3000864D300088C
:100B500070D30008740100207CD3000874D300080F
:100B600078D300086CD3000868D3000810B50023C0
:100B700094B0CDE90A33CDE90C33CDE90333CDE9A7
:100B80000533224901930793086C214A40F08050B5
:100B90000864096C01F08051019101990293136876
:100BA00023F4404343F400431360136801204FF4DF
:100BB000803103F44043CDE9080102934FF48001F2
:100BC0000224CDE90E41029807210420CDE912014B
:100BD00019224FF4A87308A81092119308F058FE38
:100BE00008B172B6FEE70F210346CDE903144FF4B6
:100BF000805203A82146CDE90532079309F062F837
:100C000008B172B6FEE714B010BD00BF0038024054
:100C10000070004008B54FF6E07002F093FC03F05E
:100C200011F800222021084804F076FA074804F061
:100C300065FA07485E22002104F06EFABDE808401C
:100C40004FF4FC6002F07EBC84D30008B0D30008EF
:100C5000D0D30008F0B59748974CA7B0FFF7C2FD76
:100C600005469648FFF7BEFD01224FF48041064637
:100C7000934806F0C7FD02F0E5FF914800224FF4CB
:100C8000804106F0BFFD05F057FA237813B9012023
:100C900027B0F0BD0021084602F0E2FD4FF4FC60F1
:100CA00002F050FC2378013B092B0ED8DFE813F04B
:100CB000E200E600EA00EE00F200F600FA00FE00B4
:100CC0000A00DE007F4804F019FA227AE3797E49AF
:100CD000CDE90432A37903936379029323790193D5
:100CE000E3780093A378627806A80BF07BFE4FF6BA
:100CF000FF7002F027FC06A804F000FA4FF6E0703F
:100D000002F020FC714804F0F9F94FF6FF7002F090
:100D100019FC206A04F056FB4FF6E07002F012FC5A
:100D20006B4804F0EBF94FF6FF7002F00BFC6089A2
:100D300004F048FB4FF6E07002F004FC654804F054
:100D4000DDF94FF6FF7002F0FDFBE06804F03AFBBE
:100D50004FF6E07002F0F6FB5F4804F0CFF94FF673
:100D6000FF7002F0EFFB206904F02CFB4FF6E070FF
:100D700002F0E8FB594804F0C1F94FF6FF7002F0A9
:100D8000E1FB60692DB236B204F01CFB0EE04B486B
:100D9000FFF712FE78B94748FFF724FD0346AB4240
:100DA000464808D1FFF71EFDB04204D14148FFF785
:100DB00003FE0028EBD03F48FFF7FEFD0028FAD1E4
:100DC0003E48FFF7F9FD0028FAD13A48FFF70AFD3F
:100DD00006463A48FFF706FD00277F2320220097AA
:100DE00005B29F21384602F033FF2021384602F039
:100DF00037FD4FF6E07002F0A5FB394804F07EF9AC
:100E00004FF6FF7002F09EFBA06904F0DBFA4FF68C
:100E1000E07002F097FB334804F070F94FF6FF7072
:100E200002F090FBE06936B204F0CCFA0EE0234801
:100E3000FFF7C2FD78B91F48FFF7D4FC0346B34261
:100E40001E4808D1FFF7CEFC854204D11948FFF7B0
:100E5000B3FD0028EBD017480021FFF7C5FC174869
:100E60000021FFF7C1FC002027B0F0BD1E4804F0B0
:100E700045F92AE71D4804F041F926E71C4804F02B
:100E80003DF922E71B4804F039F91EE71A4804F03F
:100E900035F91AE7194804F031F916E7184804F053
:100EA0002DF912E7174804F029F90EE7164804F067
:100EB00025F90AE7E4010020080500208001002050
:100EC0000008024078D40008A0D40008C4D4000868
:100ED000D4D40008E8D40008F8D4000808D50008E5
:100EE00018D5000828D500088CD40008F4D30008D1
:100EF00004D4000814D4000824D4000834D4000812
:100F000044D4000854D4000864D4000838B5002242
:100F10000C46054612231146204605F035FC228872
:100F20002B6952BA2A80628852BA6A80A28852BA61
:100F30001A80E28852BA5A80228952BA9A8062890B
:100F400052BADA80A28952BA1A81E28952BA5A8117
:100F5000227C1A73627C5A7338BD00BF70B50E468E
:100F600014460546FF23122200213046FFF790FB6E
:100F70000F2005F0BFFF95F9012022702A886270CA
:100F800095F90320A2706A88E2702A6992F901201B
:100F900022712A69128862712A6992F90320A2716A
:100FA0002A695288E2712A6992F9052022722A6917
:100FB000928862722A6992F90720A2722A69D288FD
:100FC000E2722A6992F9092022732A6912896273EE
:100FD0002A6992F90B20A2732A695289E2732A695D
:100FE000127B22742969497B6174304622461223A0
:100FF000BDE870400021FFF7EDBA00BF2DE9F843CE
:101000002D4E2E4F05464FF00A082D48A6F80080B9
:101010000021FFF7E9FB2B4B294800244FF08049C2
:101020006C8021469C63A6F80080FFF7DDFBEC8016
:1010300034802146C9F838402348A7F80080FFF7DC
:10104000D3FB204B2C813C802146DC631C48A6F856
:101050000080FFF7C9FB1D4A2C80652111801848CC
:10106000A6F800802146FFF7BFFB3480AC80214604
:10107000C9F834401448A7F80080FFF7B5FB114BBE
:101080006C813C8012481C6401224FF4005106F030
:10109000B9FB104801224FF4805106F0B3FB0D4814
:1010A0000122042106F0AEFBBDE8F8430948012205
:1010B000802106F0A7BB00BF7C0100207A01002040
:1010C000E40100200004004080010020780100209D
:1010D0000008024000040240F8B5B0F902608F4DEC
:1010E0006E239E4204462B800CD0642E8C4840F325
:1010F000B3806421FFF778FB64264FF47A73894A42
:1011000066809363B4F906606E239E422B800ED0F6
:10111000642E834840F394806421FFF765FB6426C6
:101120004FF47A734FF08042E6802E809363B4F9D7
:1011300008607D4F6E239E423B800CD0642E73DD91
:101140007A486421FFF750FB64264FF47A73754A9E
:1011500026813E80D363B4F900606E239E422B80CB
:101160000AD0642E54DD6E486421FFF73DFB6426EF
:1011700000236F4A26801380B4F904606E239E42D8
:101180002B800DD0642E71DD65486421FFF72CFBA8
:1011900064264FF47A734FF08042A6802E8053630A
:1011A000B4F90A506E239D423B800CD0642D5F48F9
:1011B00022DD6421FFF718FB642540F2E733594A2A
:1011C00065813D801364237B032B08D8DFE803F09F
:1011D000706A025BB4F904105148FFF705FB637BAA
:1011E000002B58D0012B00D0F8BDB4F90A104F489D
:1011F000BDE8F840FFF7F8BA092D00F3858000211B
:10120000FFF7F2FA474A002363813B801364DAE771
:10121000092E71DC42480021FFF7E6FA0022444B18
:10122000228065221A80A7E7092E5DDC3F48002155
:10123000FFF7DAFA3B4A002323813B80D3638AE736
:10124000092E4ADC0021FFF7CFFA4FF0804200233D
:10125000E3802B8093636AE7092E37DC0021FFF7D8
:10126000C3FA304A0023638093634BE7092E25DCE1
:101270002B480021FFF7B8FA4FF080420023A380EB
:101280002B8053638CE7B4F906102548FFF7ACFABE
:10129000637B002BA6D1B4F908102448BDE8F840C0
:1012A000FFF7A2BAB4F902101D48FFF79DFA96E7BE
:1012B000B4F900101A48FFF797FA90E7184831463A
:1012C000FFF792FA06EB86035B0064E73146FFF70F
:1012D0008BFA06EB86035B0011E73146FFF784FAD1
:1012E00006EB86035B001DE710483146FFF77CFAEA
:1012F00006EB86035B002AE709483146FFF774FADC
:10130000C6F164039BB234E72946FFF76DFA0A235E
:101310004FF0FF3215FB032351E700BF7C01002093
:10132000E4010020000400407A0100208001002038
:1013300078010020000000002DE9F04F2DED028B18
:10134000DBB005F0D1FD0BAC00260FADC4E90066A3
:10135000C5E90066C5E902660746A660A68105F0F4
:101360009DFDFFF703FCCDE94A66CDE94C66B04B25
:1013700004964E96186B40F004001863186B00F04A
:101380000400049004990596196BAA4841F0800165
:101390001963196B01F080010591059A0696196B86
:1013A00041F001011963196B01F001010691069AE0
:1013B0000796196B41F0020119631B6B03F00203DE
:1013C000079332464FF4C041079B06F01BFA3246A2
:1013D000994841F2D40106F015FA4FF001084FF494
:1013E000C04394484AA9CDE94A38CDE94C6606F095
:1013F00047F84FF4004203238E484C964AA9CDE9A2
:101400004A2306F03DF8012203238C484C964AA952
:10141000CDE94A2306F034F84FF4FC6200238748F4
:101420004C964AA9CDE94A2306F02AF841F2D403A2
:1014300081484A934AA9CDE94B864D9606F020F89B
:101440004FF4806200237C484C964AA9CDE94A2398
:1014500006F016F87A4B7B487B4A9E6019461E615F
:101460001E7683F82060DE6083F83060C3F81C804D
:10147000C3F814804FF48033C1E900030023084609
:10148000CDE94A66CDE94C66C1E90A2305F044FD81
:1014900008B172B6FEE701234C90012268484AA9C0
:1014A000CDE94A2305F0D0FE034690B96748684A63
:1014B000C0E90233C0E90533C0E90733654BC0E931
:1014C00000234FF48043036106F086FC18B172B626
:1014D000FEE772B6FEE7DFF888A1DFF888914FF4E7
:1014E0008273CAE900934FF40073CAE90200CAE9A3
:1014F0000400CAE90700CAE90900CAF818305046D2
:101500000A23CAF82C3008F041FDF0B9524E3C9045
:1015100003234FF08048CDE94A00CDE94C00CDE9E6
:101520004E00CDE93D00C6E900832E9050903F90DB
:101530002F90B0603061B06140F2E7333046F36025
:1015400009F00CF918B172B6FEE772B6FEE74FF477
:1015500080533CA930463C9309F076FB08B172B643
:10156000FEE7304609F0A8F908B172B6FEE700229E
:1015700000232EA93046CDE92E2309F0B5FC024602
:1015800008B172B6FEE79FED287B02234FF00408F6
:101590004AA930468DED4A7B4C93CDF8388109F04D
:1015A00061FA08B172B6FEE73068836923F0080378
:1015B000836142464AA9304609F054FA08B172B62E
:1015C000FEE7326824489369244E23F40063936154
:1015D00004F0AAF90023DFF890E05093CDE93C3302
:1015E000CDE93E33CDE92E33CDE94A33CDE94C3355
:1015F000CDE94E33B3603361B3610323C6E900E341
:10160000304640F2E733F36009F0A8F808B172B64B
:10161000FEE74FF480583CA93046CDF8F08009F041
:1016200013FB18B372B6FEE760000000F301000080
:10163000003802400008024000040240000002405E
:10164000D0030020002001400100000F780300209B
:1016500000540040A0860100D80200209002002023
:10166000200300200038004000040040304609F00C
:1016700023F908B172B6FEE79FED338B2EA93046F1
:101680008DED2E8B09F030FC08B172B6FEE79FEDB0
:10169000307B4E90022304224AA930468DED4A7BCE
:1016A0004C9309F0DFF908B172B6FEE740F2F3138C
:1016B0004B93082204234AA930464E9309F0D2F9ED
:1016C00008B172B6FEE73168CB6923F00803CB613D
:1016D0000C224AA9304609F0C5F908B172B6FEE7F6
:1016E00031680290CA6922F400623046CA611A4E1B
:1016F00004F01AF905F012F9029B3361CDE94A337F
:10170000CDE94C33CDE93C33C6E90133B361134B2A
:10171000336030464FF6FF73F36009F01FF808B1ED
:1017200072B6FEE74AA93046CDF8288109F08CFA56
:1017300008B172B6FEE730463CA98DED3C8B09F04E
:10174000D3FB68B172B6FEE70000000000000000A5
:101750006000000000000000480200200008004077
:101760000021A648DFF8E0B209F020F90421A348DF
:1017700009F01CF90021A24809F018F90421A04839
:1017800009F014F908219E4809F010F90C219C4831
:1017900009F00CF99B4809F05BF82046FFF72EFC96
:1017A00099494FF4805214A804F0F8F9042296499C
:1017B00021A804F0F3F995499548002604F088F92A
:1017C00041F25C289FED930A012004F091FBCDE9E2
:1017D0000086914A662302213CA804F0E3F940F216
:1017E0004E49CDE900868C4ADFF8608266230221EB
:1017F0002EA804F0D7F99FED890ACDF800800323C5
:10180000324631463CA8CDF8049004F0B5F99FED7E
:10181000840ACDE900890423324631462EA804F01B
:10182000ABF94FF002084FF48073CDE900387D49E1
:101830007D484FF400734FF48062FEF785FFCDF8CA
:1018400004804FF020084023802276497748CDF865
:101850000080FEF779FF74483146FEF7C5FF7348F4
:10186000ABF800603146FEF7BFFF714B6649714827
:10187000009680221E80402300F0CAFB314630468D
:1018800001F02EFD3146304600F0E0FB6A4A334657
:1018900031464FF6E07001F05BFE304601F038FD56
:1018A000FFF7D8F980B102F0CDF94146304601F09A
:1018B000D7FF4FF4784001F045FE604803F01EFC6E
:1018C00041F2883005F016FB00214AA804F0C4FE5E
:1018D0009DF82831FF2B00F083834AA928462C610C
:1018E000FFF714FBB5F90060B5F902804E48D5F852
:1018F00010903146FEF778FF4C48ABF80060414647
:10190000FEF772FF4A4BA3F800804D4908A8FEF786
:1019100055FE0146002800F02E8302F093F94FF4A3
:10192000784001F00FFE47482022142103F0F4FB19
:1019300041F2883005F0DEFA2046FFF7CDFB07F5CF
:10194000FA77FFF767F9002302933B464F46C146FB
:10195000984605F0C9FA804540F2DF823248FFF729
:101960002BF8012840F02E81237B0133DBB2042BBE
:1019700008BF00234FF4C870237305F0BBFA2B484F
:10198000FFF71AF8012863D1637BB3FA83F35B098D
:101990004FF4C870637305F0ADFA227B637B029845
:1019A00043EA8201884213D05AA901EB430301EBB9
:1019B0004202A3F59A73A2F59E72B3F90060B2F9E0
:1019C00000101948FEF710FF18483146FEF70CFFCB
:1019D000237B94F80D90144849EA83095FFA89F350
:1019E0000293FEF7FFFE237B06B2032B00F2338146
:1019F000DFE813F0440260021B021701D802002046
:101A00009002002048020020000402400020014013
:101A1000D0030020CDCC1C40B0E500082F5D08436A
:101A20002F5D094300000240E401002080010020F6
:101A30007A010020200300205CDB000838D5000874
:101A4000780300207CD500087C01002018E60008FF
:101A5000BD48FEF7B1FF02285DD0BB48FEF7ACFFE2
:101A600003289AD14AAA0021122308A8FEF7F4FD00
:101A7000BDF82C31BDF82891BDF82A615BBA3B80D6
:101A8000BDF82E315BBA7B80BDF830315BBABB80CC
:101A9000BDF832315BBAFB80BDF834315BBA3B81B3
:101AA000BDF836315BBA7B819DF838313B739DF8C8
:101AB00039317B732046FFF70FFBA44A00231360E4
:101AC00005F012FA0A2899FA99F976BA06D9284641
:101AD000A5F800906E802F61FEF772FF5021002064
:101AE00001F0BEFE4FF6FF7001F02CFD984803F0A8
:101AF00005FB40F2DC5005F0FDF95021002001F01B
:101B0000AFFE4FF4FC6001F01DFD924803F0F6FAC1
:101B1000FF23029341E70022114612234AA804F052
:101B200033FEBDF82C31BDF82891BDF82A615BBAAF
:101B30003B80BDF82E315BBA7B80BDF830315BBA9B
:101B4000BB80BDF832315BBAFB80BDF834315BBA83
:101B50003B81BDF836315BBA7B819DF838313B73F0
:101B60009DF839317B732046FFF7B6FA774A002398
:101B7000136005F0B9F90A2899FA99F976BA06D9E5
:101B80002846A5F800906E802F61FEF719FF5021BE
:101B9000002001F065FE4FF6FF7001F0D3FC6E48A7
:101BA00003F0ACFA40F2DC5005F0A4F9502100201B
:101BB00001F056FE4FF4FC6001F0C4FC674803F0EE
:101BC0009DFAA5E76648FEF7F7FE022862D0644852
:101BD000FEF7F2FE03287FF4D2AE4AAA08A92846EF
:101BE0002E80A5F802902F61FFF7B8F95021002050
:101BF00001F036FE4FF6FF7001F0A4FC594803F0E7
:101C00007DFA40F2DC5005F075F95021002001F01A
:101C100027FE4FF4FC6001F095FC504803F06EFA8B
:101C2000ADE6BBF900309E4214D0642E30DC092EA4
:101C300002DC9E427BDB0A2631464948FEF7D4FD92
:101C400006EB86024FF080415200E680ABF8006060
:101C500033468A635EB23C48FEF7C4FD617B0FFAEF
:101C600080F9002900F0A88001297FD0374B1A683D
:101C70000A32039205F038F9039A8242BFF469AE42
:101C800028462E80A5F802902F61FEF799FE60E6A7
:101C90006426D1E7002004F071FB0F2005F02AF93B
:101CA00076BA99FA99F3ADF82861ADF82A3197F927
:101CB00001308DF82C313B888DF82D3197F90330A8
:101CC0008DF82E317B888DF82F3197F905308DF8FE
:101CD0003031BB888DF8313197F907308DF83231CA
:101CE000FB888DF8333197F909308DF834313B8911
:101CF0008DF8353197F90B308DF836317B898DF8B9
:101D000037313B7B8DF8383100227B7B8DF83931C0
:101D1000114612234AA804F06DFC5021002001F066
:101D20009FFD4FF6FF7001F00DFC0F4867E70C4870
:101D30000021FEF759FD4FF080420023E380ABF80D
:101D40000030936386E700BF80010020740100200B
:101D50000CD600082CD60008ECD50008B8D5000831
:101D6000E4010020CCD5000898D500089F4BB3F9BA
:101D7000002091451AD0B9F1640F1ADCB9F1090FAE
:101D800003DC91453ADB4FF00A0999484946FEF7D2
:101D90002BFD964B9749A4F80A900A224FF0FF308A
:101DA00019FB0202A3F800900A644A464FFA82F92E
:101DB0005CE74FF06409E8E78C4BB3F900209145EC
:101DC000F4D0B9F1640F16DCB9F1090F03DC9145C9
:101DD0001FDB4FF00A0949468548FEF705FD834B96
:101DE0008449A4F8089009EB89025200A3F80090F6
:101DF000CA634A46DAE74FF06409ECE700217C4801
:101E0000FEF7F2FC7B4B7949002262810A801A645A
:101E1000CCE777480391FEF7E7FC744B03991980F0
:101E2000744B21810A46D963C0E7BBF900309E425A
:101E30003FF410AF642E13DC092E02DC9E4211DB4E
:101E40000A2631466C48FEF7CFFC06EB86024FF0BF
:101E500080415200A680ABF8006033464A63F9E641
:101E60006426EEE764480021FEF7BEFC4FF0804296
:101E70000023A380ABF800305363EBE6BBF90030DE
:101E80009E423FF4E7AE642E12DC092E02DC9E4235
:101E90002CDB0A2658483146FEF7A6FC574A268016
:101EA000C6F164039BB21380ABF800603346D1E601
:101EB0006426EFE7BBF900309E423FF4CBAE642EC0
:101EC00012DC092E02DC9E421CDB0A264A483146FF
:101ED000FEF78AFC474A668006EB86035B00ABF898
:101EE000006093633346B5E66426EFE7002142487D
:101EF000FEF77AFC4149002365222380ABF80030CD
:101F00000A80A7E63C480021FEF76EFC394A002310
:101F10006380ABF8003093639CE604F0E5FF38493A
:101F20008046384803F002FE022114A803F0B6FEF2
:101F30000221A88021A803F0B1FE0022CAE90222F2
:101F4000CAE90422CAE90722CAE909224FF48272C7
:101F5000CAF804204FF40072294BE880CAF8182010
:101F60002848CAF800300A22CAF82C2008F00EF8D7
:101F7000C8B172B6FEE712234AAA08A8FEF76CFBA6
:101F800000287FF4CAAC01F05DFE4FF4FC6001F064
:101F9000D9FA1D482022282103F0BEF84FF4FA7028
:101FA00004F0A8FFC8E4052003F082FF40F6FB011F
:101FB00002B28A42EA810BDC012004F09BFF01217E
:101FC0002EA803F06BFE28812EA803F0F9FDA8814E
:101FD00001213CA803F062FE08F5FA786881BDE4AF
:101FE0004FF00008A14646468FE400BF7A0100206A
:101FF0008001002000040040E4010020780100205E
:1020000000380040200300208CD5000872B6FEE79F
:1020100010B40A4CBDF804C02281C4E900016381F8
:102020000749084A084BA4F80CC0C1E901234FF640
:10203000FF705DF8044B0860704700BF1804002073
:10204000280400205CDB0008081020A02DE9F04FD8
:10205000C44C85B00B4600222189019380466068FC
:1020600005F0D0FBA189002941F01A8161896068DF
:10207000BC4E0022012505F0C5FB218960680022C5
:1020800005F0C0FB0A2320688DF80F502A460DF199
:102090000F0107F0DDFF218960682A4605F0B2FBD9
:1020A000822004F027FF61896068002205F0AAFB06
:1020B00021896068002205F0A5FB112320688DF8B6
:1020C0000F302A460A230DF10F0107F0C1FF2189C5
:1020D00060682A4605F096FB822004F00BFF6189B8
:1020E0006068002205F08EFB21896068002205F0FF
:1020F00089FBB12320688DF80F302A460A230DF1A1
:102100000F0107F0A5FF218960682A4605F07AFBD8
:10211000618960682A4605F075FB218960680022A4
:1021200005F070FB0A2320688DF80F502A460DF148
:102130000F0107F08DFF218960682A4605F062FBD8
:10214000618960682A4605F05DFB2189606800228C
:1021500005F058FB4FF02C090A2320688DF80F90EA
:102160002A460DF10F0107F073FF218960682A46A6
:1021700005F048FB618960682A4605F043FB218928
:102180006068002205F03EFB2D270A2320688DF8A9
:102190000F702A460DF10F0107F05AFF2189606880
:1021A0002A4605F02FFB61896068002205F02AFBB2
:1021B00021896068002205F025FBB22320688DF894
:1021C0000F302A460A230DF10F0107F041FF218944
:1021D00060682A4605F016FB618960682A4605F0AA
:1021E00011FB21896068002205F00CFB0A2320689E
:1021F0008DF80F502A460DF10F0107F029FF2189B4
:1022000060682A4605F0FEFA618960682A4605F092
:10221000F9FA21896068002205F0F4FA0A2320689F
:102220008DF80F902A460DF10F0107F011FF21895B
:1022300060682A4605F0E6FA618960682A4605F07A
:10224000E1FA21896068002205F0DCFA0A2320689F
:102250008DF80F702A460DF10F0107F0F9FE218964
:1022600060682A4605F0CEFA61896068002205F0B0
:10227000C9FA21896068002205F0C4FAB3232068F6
:102280008DF80F302A460A230DF10F0107F0E0FE0A
:10229000218960682A4605F0B5FA618960682A4696
:1022A00005F0B0FA21896068002205F0ABFA0A2334
:1022B00020688DF80F502A460DF10F0107F0C8FE77
:1022C000218960682A4605F09DFA618960682A467E
:1022D00005F098FA21896068002205F093FA0A2334
:1022E00020688DF80F902A460DF10F0107F0B0FE1F
:1022F000218960682A4605F085FA618960682A4666
:1023000005F080FA21896068002205F07BFA0A2333
:1023100020688DF80F702A460DF10F0107F098FE26
:10232000218960682A4605F06DFA618960682A464D
:1023300005F068FA21896068002205F063FA0A2333
:1023400020688DF80F502A460DF10F0107F080FE2E
:10235000218960682A4605F055FA618960682A4635
:1023600002E000BF1804002005F04CFA21896068E3
:10237000002205F047FA0A2320688DF80F902A46BC
:102380000DF10F0107F064FE218960682A4605F00F
:1023900039FA618960682A4605F034FA2189606853
:1023A000002205F02FFA0A2320688DF80F702A46C4
:1023B0000DF10F0107F04CFE218960682A4605F0F7
:1023C00021FA61896068002205F01CFA21896068A1
:1023D000002205F017FAB42320688DF80F302A4642
:1023E0000A230DF10F0107F033FE218960682A46A8
:1023F00005F008FA618960682A4605F003FA218928
:102400006068002205F0FEF9072320688DF80F3080
:102410002A460A230DF10F0107F01AFE2189606890
:102420002A4605F0EFF961896068002205F0EAF9B3
:1024300021896068002205F0E5F9C02320688DF845
:102440000F302A460A230DF10F0107F001FE218902
:1024500060682A4605F0D6F9618960682A4605F069
:10246000D1F921896068002205F0CCF9A223206807
:102470008DF80F302A460A230DF10F0107F0E8FD11
:10248000218960682A4605F0BDF9618960682A469D
:1024900005F0B8F921896068002205F0B3F902233C
:1024A00020688DF80F302A460A230DF10F0107F03E
:1024B000CFFD218960682A4605F0A4F9618960682A
:1024C0002A4605F09FF921896068002205F09AF9F3
:1024D000842320688DF80F302A460A230DF10F015E
:1024E00007F0B6FD218960682A4605F08BF96189FD
:1024F0006068002205F086F921896068002205F0F5
:1025000081F9C12320688DF80F302A460A230DF186
:102510000F0107F09DFD218960682A4605F072F9D8
:10252000618960682A4605F06DF92189606800229A
:1025300005F068F94FF0C50A0A2320688DF80FA04E
:102540002A460DF10F0107F083FD218960682A46B4
:1025500005F058F961896068002205F053F9218976
:102560006068002205F04EF9C22320688DF80F3014
:102570002A460A230DF10F0107F06AFD21896068E0
:102580002A4605F03FF9618960682A464FF00A093A
:1025900005F038F921896068002205F033F94B46CF
:1025A00020688DF80F902A460DF10F0107F050FDBD
:1025B000218960682A4605F025F9618960682A4604
:1025C00005F020F9218960680022002705F01AF93A
:1025D0004B4620688DF80F702A460DF10F0107F069
:1025E00037FD218960682A4605F00CF96189606829
:1025F0003A4605F007F9218960683A4605F002F984
:10260000C32330688DF80F302A464B460DF10F0179
:1026100007F01EFD318970682A4605F0F3F87189CC
:1026200070682A4605F0EEF8318970683A4605F080
:10263000E9F84FF08A0B4B4630688DF80FB02A4608
:102640000DF10F0107F004FD318970682A46344608
:1026500005F0D8F8718970682A4605F0D3F83189F9
:1026600070683A4605F0CEF82A264B462A460DF108
:102670000F0120688DF80F6007F0EAFC218960687F
:102680002A4605F0BFF8618960683A4605F0BAF855
:10269000218960683A4605F0B5F8C4238DF80F30FB
:1026A0002A464B460DF10F01206807F0D1FC218925
:1026B00060682A4605F0A6F8618960682A4605F038
:1026C000A1F8218960683A4605F09CF84B462A46F5
:1026D0000DF10F0120688DF80FB007F0B9FC2189CA
:1026E00060682A4605F08EF8618960682A4605F020
:1026F00089F8218960683A4605F084F8EE238DF860
:102700000F302A464B460DF10F01206807F0A0FC60
:10271000218960682A4605F075F8618960683A4643
:1027200005F070F8218960683A4605F06BF84B4671
:102730002A460DF10F0120688DF80FA007F088FCE4
:10274000218960682A4605F05DF8618960682A463B
:1027500005F058F8218960683A4605F053F80E23D1
:102760008DF80F302A464B460DF10F01206807F017
:102770006FFC218960682A4605F044F86189606829
:102780003A4605F03FF8218960683A4605F03AF884
:1027900020238DF80F302A464B460DF10F0120689B
:1027A00007F056FC218960682A4605F02BF86189FC
:1027B00060683A4605F026F8218960683A4605F0D7
:1027C00021F836238DF80F302A464B460DF10F01C4
:1027D000206807F03DFC218960682A4605F012F860
:1027E000618960682A4605F00DF8218960683A46DB
:1027F00005F008F8C8214B462A468DF80F102068CE
:102800000DF10F0107F024FC218960682A4604F0CD
:10281000F9FF618960683A4604F0F4FF2189606835
:102820003A4604F0EFFF3A238DF80F302A464B4624
:102830000DF10F01206807F00BFC218960682A4622
:1028400004F0E0FF618960682A4604F0DBFF21891B
:1028500060683A4604F0D6FF05238DF80F302A460B
:102860004B460DF10F01206807F0F2FB21896068EB
:102870002A4604F0C7FF618960683A4604F0C2FF47
:10288000218960683A4604F0BDFF4B462A460DF1A7
:102890000F0120688DF80F6007F0DAFB218960686E
:1028A0002A4604F0AFFF618960682A4604F0AAFF57
:1028B000218960683A4604F0A5FF4B462A460DF18F
:1028C0000F0120688DF80F7007F0C2FB2189606846
:1028D0002A4604F097FF618960682A4604F092FF57
:1028E000218960683A4604F08DFF4B462A460DF177
:1028F0000F0120688DF80F7007F0AAFB218960682E
:102900002A4604F07FFF618960682A4604F07AFF56
:10291000218960683A4604F075FF4B462A460DF15E
:102920000F0120688DF80F7007F092FB2189606815
:102930002A4604F067FF60686189B8F1000F00F073
:102940001C842A4604F05EFF218960683A4604F040
:1029500059FF7F238DF80F302A460DF10F012068B3
:102960004B4607F075FB218960682A4604F04AFF50
:1029700061896068002204F045FF218960680022B7
:1029800004F040FF4FF0E00B0A2301220DF10F018C
:1029900020688DF80FB007F05BFB21896068012289
:1029A00004F030FF61896068012204F02BFF218967
:1029B0006068002204F026FF4FF002038DF80F300C
:1029C00001220A230DF10F01206807F041FB218944
:1029D0006068012204F016FF61896068012204F03A
:1029E00011FF21896068002204F00CFF1C238DF880
:1029F0000F3001220A230DF10F01206807F028FB98
:102A000021896068012204F0FDFE6189606801226D
:102A100004F0F8FE21896068002204F0F3FE4FF014
:102A200007090A2301220DF10F0120688DF80F908C
:102A300007F00EFB21896068012204F0E3FE618942
:102A40006068012204F0DEFE21896068002204F043
:102A5000D9FE12238DF80F3001220A230DF10F0148
:102A6000206807F0F5FA21896068012204F0CAFEA7
:102A700061896068012204F0C5FE21896068002236
:102A800004F0C0FE4FF037020A238DF80F200DF13D
:102A90000F010122206807F0DBFA2189606801221A
:102AA00004F0B0FE61896068012204F0ABFE218968
:102AB0006068002204F0A6FE32238DF80F30012258
:102AC0000A230DF10F01206807F0C2FA218960681E
:102AD000012204F097FE61896068012204F092FEF1
:102AE00021896068002204F08DFE29270A23012233
:102AF0000DF10F0120688DF80F7007F0A9FA2189F8
:102B00006068012204F07EFE61896068012204F0A1
:102B100079FE21896068002204F074FE0DF10F0532
:102B20004FF02D010A238DF80F100122294620684D
:102B300007F08EFA21896068012204F063FE618942
:102B40006068012204F05EFE21896068002204F0C2
:102B500059FE0A232946012220688DF80F7007F0DC
:102B600077FA21896068012204F04CFE618960686F
:102B7000012204F047FE21896068002204F042FE31
:102B8000252329468DF80F3001220A23206807F0FB
:102B90005FFA21896068012204F034FE618960686F
:102BA000012204F02FFE21896068002204F02AFE31
:102BB0002B2329468DF80F3001220A23206807F0C5
:102BC00047FA21896068012204F01CFE618960686F
:102BD000012204F017FE21896068002204F012FE31
:102BE000392329468DF80F3001220A23206807F087
:102BF0002FFA21896068012204F004FE618960686F
:102C0000012204F0FFFD218960680022002604F003
:102C1000F9FD0A232946012220688DF80F6007F08C
:102C200017FA21896068012204F0ECFD618960686F
:102C3000012204F0E7FD324621896068012504F095
:102C4000E1FD0DF10F0C61460A232A4620688DF83C
:102C50000F5007F0FDF9218960682A4604F0D2FD83
:102C6000618960682A4604F0CDFD3246218960689A
:102C700004F0C8FD0DF10F0C61460A234FF0030A62
:102C80002A4620688DF80FA007F0E2F921896068D4
:102C90002A4604F0B7FD618960682A4604F0B2FD57
:102CA00032462189606804F0ADFD0DF10F0C4FF044
:102CB000100061460A238DF80F002A46206807F0AD
:102CC000C7F9218960682A4604F09CFD3246618973
:102CD000606804F097FD32462189606804F092FD37
:102CE0000DF10F0C61460A232A4620688DF80FB0BB
:102CF00007F0AEF9218960682A4604F083FD6189F6
:102D000060682A4604F07EFD32462189606804F03E
:102D100079FD0DF10F0C61460A232A4620688DF8D3
:102D20000FA007F095F9218960682A4604F06AFD32
:102D3000618960682A4604F065FD32462189606831
:102D400004F060FD0DF10F0C1D2361468DF80F306E
:102D50002A460A23206807F07BF9218960682A4601
:102D600004F050FD618960682A4604F04BFD32464C
:102D70002189606804F046FD0DF10F0C61460A23BD
:102D80002A4620688DF80F9007F062F92189606863
:102D90002A4604F037FD618960682A4604F032FD56
:102DA00032462189606804F02DFD0DF10F0C0623D9
:102DB00061468DF80F302A460A23206807F048F94B
:102DC000218960682A4604F01DFD618960682A46F1
:102DD00004F018FD32462189606804F013FD0DF1FE
:102DE0000F0C61460A234FF02E092A4620688DF801
:102DF0000F9007F02DF9218960682A4604F002FD42
:102E0000618960682A4604F0FDFC324621896068C9
:102E100004F0F8FC0DF10F0C2C2361468DF80F30F7
:102E20002A460A23206807F013F9218960682A4698
:102E300004F0E8FC618960682A4604F0E3FC32464D
:102E40002189606804F0DEFC0DF10F0C61460A2355
:102E50002A4620688DF80F7007F0FAF8218960681B
:102E60002A4604F0CFFC618960682A4604F0CAFC57
:102E700032462189606804F0C5FC4FF02D010A2319
:102E80008DF80F102A460DF10F01206807F0E0F8C9
:102E9000218960682A4604F0B5FC618960682A4689
:102EA00004F0B0FC32462189606804F0ABFC0A23D0
:102EB0002A460DF10F0120688DF80F9007F0C8F831
:102EC000218960682A4604F09DFC618960682A4671
:102ED00004F098FC32462189606804F093FC0A23D0
:102EE0002A460DF10F0120688DF80F9007F0B0F819
:102EF00021896068DFF8DC932A4604F083FC61894D
:102F000060682A4604F07EFC32462189606804F03D
:102F100079FC4FF037020A238DF80F200DF10F01D5
:102F20002A46206807F094F8218960682A4604F050
:102F300069FC618960682A4604F064FC3246218994
:102F4000606804F05FFC3F238DF80F302A460A23A7
:102F50000DF10F01206807F07BF8218960682A468F
:102F600004F050FC618960682A4604F04BFC32464C
:102F70002189606804F046FC0A232A460DF10F01FE
:102F800020688DF80F6007F063F8218960682A4691
:102F900004F038FC618960682A4604F033FC32464C
:102FA0002189606804F02EFC0A232A460DF10F01E6
:102FB00020688DF80F6007F04BF8218960682A4679
:102FC00004F020FC618960682A4604F01BFC32464C
:102FD0002189606804F016FC4FF002038DF80F3071
:102FE0002A460A230DF10F01206807F031F82189E4
:102FF00060682A4604F006FC618960682A4604F08D
:1030000001FC32462189606804F0FCFB4FF010009F
:103010000A238DF80F002A460DF10F01206807F0F2
:1030200017F8218960682A4604F0ECFB3246618972
:10303000606804F0E7FB32462189606804F0E2FB37
:1030400013238DF80F302A460A230DF10F01206853
:1030500006F0FEFF218960682A4604F0D3FB0A20AF
:1030600003F048FF32466189606804F0CBFB3246CA
:10307000218960688D4E04F0C5FB0A232A460DF1B4
:103080000F0120688DF80F7006F0E2FF218960685B
:10309000874F2A4604F0B6FB822003F02BFF7F23E4
:1030A00033603B80B8F1000F5FD0DFF82CA2C9F885
:1030B0000050CAF800307F4DDFF820822B80019B42
:1030C000C8F800307C4B618960684FF0010B00222A
:1030D00083F800B004F096FB21896068002204F0B8
:1030E00091FB36238DF80F305A460A230DF10F015C
:1030F000206806F0ADFF5A462189606804F082FB23
:103100007F23CAF80030D9F800203B8002B99F2302
:103110003360D8F80060618960682B80012204F078
:1031200071FB21896068002204F06CFB66F03F06A9
:103130000A230DF10F0120688DF80F60012206F0BF
:1031400087FF218960685D4C012204F05BFB5C4ACB
:103150005C485D4B12781B785C49227002705C4AB7
:103160000B70137005B0BDE8F08FDFF86CA1C9F8E3
:1031700000809F23CAF800309DE7012204F042FB43
:1031800021896068424604F03DFB9F238DF80F3093
:103190000DF10F010A232068012206F059FF218951
:1031A0006068012204F02EFB61896068424604F0E9
:1031B00029FB21896068424604F024FB2B238DF80B
:1031C0000F300DF10F010A232068012206F040FFA5
:1031D00021896068012204F015FB61896068012281
:1031E00004F010FB21896068424604F00BFB0A23BF
:1031F0000DF10F0120688DF80F80012206F028FFE5
:1032000021896068012204F0FDFA61896068012269
:1032100004F0F8FA21896068424604F0F3FA0A23C0
:103220000DF10F0120688DF80F80012206F010FFCC
:1032300021896068012204F0E5FA61896068012251
:1032400004F0E0FA21896068424604F0DBFA0A23C0
:103250000DF10F0120688DF80F80012206F0F8FEB5
:1032600021896068012204F0CDFA61896068012239
:1032700004F0C8FA21896068424604F0C3FA7F234B
:103280008DF80F300DF10F0120680A23012206F09E
:10329000DFFE21896068012204F0B4FAFFF768BB01
:1032A0006068012204F0AEFAFEF7E0BE5004002090
:1032B0003604002034040020000000203A040020DE
:1032C0000400002038040020030000203B040020FC
:1032D000390400204C04002054040020480400203D
:1032E000064B1B78012B99BF054A064B064A074B34
:1032F000C0B2C9B210701970704700BF0000002042
:103300000400002003000020020000200100002033
:1033100030B57C4C7C4B618983B0054600226068E7
:103320001D7004F06FFA21896068002204F06AFAC7
:1033300036228DF807200DF1070120680A230122AB
:1033400006F086FE21896068012204F05BFA032DF5
:103350003AD8DFE805F002976A3B6C496C4A7F2354
:103360000B6012686B490B80002A40F0BA806A4BF0
:103370009F221A60694B6A491D680A8060686189EA
:10338000012204F03FFA21896068002204F03AFA31
:1033900065F05F050A2301220DF1070120688DF811
:1033A000075006F055FE01222189606804F02AFAD0
:1033B0005C4A5D4B5D4C5E485E4912781B7822701A
:1033C00002705D4A0B70137003B030BD5249504A11
:1033D0007F230B60126852490B80002A40F08D80D9
:1033E0004A4B9F221A604B494C4B60680A806189A6
:1033F0001D68012204F006FA21896068002204F0A9
:1034000001FA0A2320688DF8075001220DF1070107
:1034100006F01EFE21896068464C012204F0F2F994
:10342000464A474B42484149C7E73849384A7F2313
:103430000B60126837490B80002A5AD1364B9F2205
:103440001A60364B36491D680A806068618901221E
:1034500004F0D8F921896068002204F0D3F945F01E
:1034600060050A2301220DF1070120688DF807503D
:1034700006F0EEFD01222189606804F0C3F9304AAC
:103480002E4B97E72449224A7F230B601268244978
:103490000B8052BB1D4B9F221A60204B1D491D689B
:1034A00060680A806189012204F0ACF921896068B2
:1034B000002204F0A7F965F03F050A2320688DF883
:1034C000075001220DF1070106F0C2FD2189606855
:1034D000184C012204F096F9134A124B1448134970
:1034E0006BE70D491A460B6044E708491A460B6022
:1034F000D3E709491A460B60A3E704491A460B6053
:1035000071E700BF180400200000002050040020D4
:103510004C040020340400205404002048040020FF
:103520003604002003000020040000203B0400209B
:10353000380400203A040020390400200200002052
:1035400001000020014B1880704700BF28040020B4
:1035500010B4084C2370084B59805A6018801178B9
:1035600019725178597291789972D278DA725DF83D
:10357000044B70473C040020280400202DE9F04F44
:10358000944CDFF854A283B0834689466068618911
:10359000904600221F4604F035F921896068002218
:1035A00004F030F92A238DF807300DF107010A23C2
:1035B0002068012206F04CFD21896068012204F098
:1035C00021F961896068012204F01CF92189606891
:1035D0000022002504F016F90A230DF107012068E6
:1035E0008DF80750012206F033FD21896068012221
:1035F00004F008F99AF8006061896068012204F01B
:1036000001F95E44218960682A4604F0FBF8F6B2AD
:103610000A230DF1070120688DF80760012206F0EA
:1036200017FD21896068012204F0ECF86189606867
:10363000012204F0E7F8218960682A4604F0E2F8E4
:103640000A230DF1070120688DF80750012206F0CA
:10365000FFFC21896068012204F0D4F89AF8006028
:1036600061896068012204F0CDF84E4421896068C8
:10367000DFF868912A4604F0C5F8F6B20A230DF186
:10368000070120688DF80760012206F0E1FC21891E
:103690006068012204F0B6F8618960682A4604F087
:1036A000B1F8218960682A4604F0ACF82B238DF824
:1036B00007300DF107010A232068012206F0C8FC3B
:1036C00021896068012204F09DF861896068012207
:1036D00004F098F8218960682A4604F093F80A23D8
:1036E0000DF1070120688DF80750012206F0B0FCAB
:1036F00021896068012204F085F899F800606189E9
:103700006068012204F07EF84644218960682A46F8
:1037100004F078F8F6B20A230DF1070120688DF85D
:103720000760012206F094FC21896068012204F000
:1037300069F861896068012204F064F82189606891
:103740002A4604F05FF80A230DF1070120688DF87E
:103750000750012206F07CFC21896068012204F0F8
:1037600051F899F8006061896068012204F04AF814
:103770003E44218960682A4604F044F8F6B20A23E0
:103780000DF1070120688DF80760012206F060FC4A
:1037900021896068012204F035F8618960682A4651
:1037A00004F030F8218960682A4604F02BF82C20B8
:1037B0000DF107018DF807000A232068012206F0A9
:1037C00047FC21896068012203B0BDE8F04F04F096
:1037D00019B800BF18040020380400203904002064
:1037E00030B51A4D1A4C0B4683B01A492860236035
:1037F00015461A46184B194C09681B68FFF7BEFEA0
:1038000061896068012203F0FDFF21896068002260
:1038100003F0F8FFC5F307218DF8071020680DF1BC
:1038200007010A23012206F013FC0DF107012068AD
:103830008DF807500A23012206F00AFC21896068EE
:10384000012203B0BDE8304003F0DCBF4404002097
:1038500040040020540400205004002018040020DC
:103860002DE9F04F974A984B984CDFF86CA283B043
:103870001060974A1960974BD2F800901F688346F2
:10388000884660686189002203F0BCFF2189606876
:10389000002203F0B7FF2A238DF807300DF107014E
:1038A0000A232068012206F0D3FB218960680122E7
:1038B00003F0A8FF61896068012203F0A3FF21895A
:1038C00060680022002503F09DFF0A230DF1070127
:1038D00020688DF80750012206F0BAFB2189606844
:1038E000012203F08FFF9AF800606189606801226D
:1038F00003F088FF5E44218960682A4603F082FF56
:10390000F6B20A230DF1070120688DF80760012245
:1039100006F09EFB21896068012203F073FF618934
:103920006068012203F06EFF218960682A4603F077
:1039300069FF0A230DF1070120688DF80750012265
:1039400006F086FB21896068012203F05BFF9AF88C
:10395000006061896068012203F054FF4E442189B0
:103960006068DFF878912A4603F04CFFF6B20A232C
:103970000DF1070120688DF80760012206F068FB51
:1039800021896068012203F03DFF618960682A4651
:1039900003F038FF218960682A4603F033FF2B23A8
:1039A0008DF807300DF107010A232068012206F087
:1039B0004FFB21896068012203F024FF6189606860
:1039C000012203F01FFF218960682A4603F01AFFD5
:1039D0000A230DF1070120688DF80750012206F037
:1039E00037FB21896068012203F00CFF99F8006021
:1039F00061896068012203F005FF464421896068FF
:103A00002A4603F0FFFEF6B20A230DF107012068F3
:103A10008DF80760012206F01BFB218960680122F6
:103A200003F0F0FE61896068012203F0EBFE21895A
:103A300060682A4603F0E6FE0A230DF107012068BC
:103A40008DF80750012206F003FB218960680122EE
:103A500003F0D8FE99F8006061896068012203F0E4
:103A6000D1FE3E44218960682A4603F0CBFEF6B2BF
:103A70000A230DF1070120688DF80760012206F086
:103A8000E7FA21896068012203F0BCFE6189606861
:103A90002A4603F0B7FE218960682A4603F0B2FE89
:103AA0002C200DF107018DF807000A232068012260
:103AB00006F0CEFA21896068012203B0BDE8F04F1C
:103AC00003F0A0BE4404002040040020180400209D
:103AD0005404002050040020380400203904002041
:103AE00030B5184C184B24681B6815460A46214609
:103AF000164C83B0FFF742FD61896068012203F034
:103B000081FE21896068002203F07CFEC5F3072155
:103B10008DF8071020680DF107010A23012206F035
:103B200097FA0DF1070120688DF807500A2301224A
:103B300006F08EFA21896068012203B0BDE83040AA
:103B400003F060BE5404002050040020180400203C
:103B5000F0B5394F394E39683368394C002283B09B
:103B600005461046FFF70AFD3B68366861896068C4
:103B70000122164403FB0666B60803F043FE2189C2
:103B80006068002203F03EFE002E4DD0771EC5F384
:103B90000726EDB20A2301220DF1070120688DF8F6
:103BA000076006F055FA0A2301220DF1070120688B
:103BB0008DF8075006F04CFA0A2301220DF1070197
:103BC00020688DF8076006F043FA0A2301220DF100
:103BD000070120688DF8075006F03AFA0A230122FF
:103BE0000DF1070120688DF8076006F031FA0A230D
:103BF00001220DF1070120688DF8075006F028FA20
:103C00000A2301220DF1070120688DF8076006F0F4
:103C10001FFA20688DF807500A2301220DF10701D1
:103C200006F016FA013FB5D221896068012203B07F
:103C3000BDE8F04003F0E6BD54040020500400202D
:103C400018040020014B5888FFF782BF2804002089
:103C50002DE9F0472C4C248882B084420A9F50D929
:103C60002A4D2D8895424CD98C428CBF4E1C661C27
:103C70009D4298BF05F1010A254D5FFA80FC88BF7F
:103C800003F1010AD4B2A6EB0C06AAEB040AFFF773
:103C900075FC69896868012203F0B4FD5FFA8AFA4D
:103CA000298968680022F6B203F0ACFDBAF1000F72
:103CB0001FD0F6B1C7F307284FF00009FFB2002468
:103CC0000A2301220DF1070128688DF807800134CD
:103CD00006F0BEF928688DF807700A2301220DF15D
:103CE000070106F0B5F9A642EAD109F10109CA4572
:103CF000E5D129896868012202B0BDE8F04703F0E8
:103D000081BD02B0BDE8F0873604002034040020F5
:103D1000180400202DE9F04F274B284E284D347A07
:103D20001B88894629681B1B8B420246254B707AEB
:103D300089B00AD2002129601968234E0144196014
:103D40001E494968B14200F01E8220491E68098858
:103D5000091AB14202D200211960296029681E683F
:103D6000164B03919B7AD21AE30813FB00F313FB63
:103D700002F30433E1089DB2002800F00882002716
:103D8000C9B25FFA86F8DFF848A0DFF848B03E46CF
:103D90003C46002900F0E581CDE904452846002293
:103DA000064B5B681F5C039B03EBC204CDE901205B
:103DB000E4B2072516E000BF3604002028040020E6
:103DC000440400204004002088D600083404002069
:103DD0001804002038040020013D01346B1CE4B2BB
:103DE00000F0A08147FA05F3DA07F5D5BAF80A1012
:103DF000DAF80400002203F005FDBAF80810DAF83A
:103E00000400002203F0FEFC2A238DF81F3001225B
:103E10000A230DF11F01DAF8000006F019F9BAF8CB
:103E20000810DAF80400012203F0ECFCBAF80A10DA
:103E3000DAF80400012203F0E5FCBAF80810DAF819
:103E40000400002203F0DEFC0A2301220DF11F0111
:103E5000DAF800008DF81F6006F0FAF8BAF80810DA
:103E6000DAF80400012203F0CDFC9BF80030BAF828
:103E70000A10DAF804002344DBB20122009303F0B5
:103E8000C1FCBAF80810DAF80400002203F0BAFC0A
:103E9000009B8DF81F3001220A230DF11F01DAF873
:103EA000000006F0D5F8BAF80810DAF8040001228C
:103EB00003F0A8FCBAF80A10DAF80400012203F0B3
:103EC000A1FCBAF80810DAF80400002203F09AFC0A
:103ED0000A2301220DF11F01DAF800008DF81F609E
:103EE00006F0B6F8BAF80810DAF80400012203F078
:103EF00089FC9BF80030BAF80A10DAF804000134A3
:103F00002344DBB20122009303F07CFCBAF80810D2
:103F1000DAF80400002203F075FC009B8DF81F30D6
:103F200001220A230DF11F01DAF8000006F090F8D3
:103F3000BAF80810DAF80400012203F063FCBAF8BA
:103F40000A10DAF80400002203F05CFCBAF808104A
:103F5000DAF80400002203F055FC2B238DF81F3003
:103F600001220A230DF11F01DAF8000006F070F8B3
:103F7000BAF80810DAF80400012203F043FCBAF89A
:103F80000A10DAF80400012203F03CFCBAF8081029
:103F9000DAF80400002203F035FC0A2301220DF1B7
:103FA0001F01DAF800008DF81F6006F051F8BAF82A
:103FB0000810DAF80400012203F024FC754BBAF86B
:103FC0000A101B78DAF804004344DBB201220093A4
:103FD00003F018FCBAF80810DAF80400002203F025
:103FE00011FC009B8DF81F3001220A230DF11F01E7
:103FF000DAF8000006F02CF8BAF80810DAF8040035
:10400000012203F0FFFBBAF80A10DAF804000122DB
:1040100003F0F8FBBAF80810DAF80400002203F005
:10402000F1FB0A2301220DF11F01DAF800008DF8DF
:104030001F6006F00DF8BAF80810DAF80400012243
:1040400003F0E0FB534BDAF804001B78012208EB85
:1040500002010B44DBB2BAF80A10009303F0D2FB62
:10406000BAF80810DAF80400002203F0CBFB009B3A
:104070008DF81F3001220A230DF11F01DAF800002C
:1040800005F0E6FFBAF80810DAF80400012203F0A0
:10409000B9FBBAF80A10DAF80400002203F0B2FB08
:1040A000BAF80810DAF80400002203F0ABFB2C2366
:1040B0008DF81F3001220A230DF11F01DAF80000EC
:1040C00005F0C6FFBAF80810DAF80400012203F080
:1040D00099FBBAF80810DAF80400002203F092FB0A
:1040E000BAF80A10DAF80400012203F08BFBC9F3D6
:1040F00007210A2301228DF81F10DAF800000DF1C4
:104100001F0105F0A5FF013D0A23DAF800008DF834
:104110001F900DF11F01012205F09AFF6B1CE4B204
:104120007FF460AEDDE901201B4B1B7A0132D90818
:10413000B2EBD30F00F101000F46FFF631AEDDE91F
:104140000445154B621C5B7A94B22F44A342BDB266
:1041500007D908F10108C9B25FFA88F800297FF48D
:104160001BAEBAF80810DAF80400012203F04AFB8B
:104170000A4A0B4B11681B680022104609B0BDE8C3
:10418000F04FFFF7FBB9196802311960DDE5DFF880
:1041900014A0E6E73904002028040020540400207D
:1041A00050040020180400202DE9F04F534BDFF895
:1041B0006CA1534D9AF808709046524A0E461988E1
:1041C0009AF8093004461068C91B814285B00AD2AA
:1041D0000021116029684C4819442960DAF804105C
:1041E000814200F08680494928680988C91A8142BD
:1041F00002D200212960116010681268013AD119B9
:104200002A682D68013D2B44414DFFF7B7F96989B4
:104210006868012203F0F6FA00222989686803F031
:10422000F1FA9AF808309AF80920DB0813FB02F338
:104230009AF80A20A21A13FB02F2043292B2002B5F
:1042400047D04FF0000BC8F307290192019BDAF821
:1042500004105B449BB20724CF5C0EE08DF80FE0A6
:1042600005F0F6FE28688DF80F600A2301220DF193
:104270000F0105F0EDFE013C20D347FA04FC1CF0D1
:10428000010F2868C6F3072E4FF00A034FF0010212
:104290000DF10F01E2D10A2301220DF10F018DF87A
:1042A0000F9005F0D5FE28688DF80F800A230122B3
:1042B0000DF10F0105F0CCFE013CDED29AF808307A
:1042C0009AF80910DB080BF1010B13FB01F35B45B6
:1042D000BCDC29896868012203F094FA0D4A0E4B70
:1042E00011681B680022104605B0BDE8F04FFFF7CB
:1042F00045B929680231296075E700BF36040020FE
:10430000400400204404002088D600083404002023
:104310001804002054040020500400202804002029
:104320002DE9F04F91B01FFA82F984B29BB20C9440
:104330001FFA81FAA9EB0404A3EB0A0B0FFA84FE1F
:104340000FFA8BFCBEF1000F1A9D07460A461FFAB2
:104350008BF8664640F0A081BCF1000F00F0998315
:10436000AAEB0303C0F29E8313FA83F41EB2A3B236
:104370000B93C5F307230493EBB205930123714616
:1043800000B217B208930B4B02930B4B03930B4BEA
:1043900000934FF000090A4B0A4C01930DF13F05C1
:1043A000C846CDF834A0CDF824C00C91CDF828E053
:1043B000079017E054040020500400203804002027
:1043C00039040020180400200B9A0C991344079A12
:1043D0000A441EB213B20793099B09F101094B4528
:1043E00000F04F81029B6189D3F800B0039B6068A5
:1043F0001B680693002203F005FA218960680022F9
:1044000003F000FA2A238DF83F3001220A232946BF
:10441000206805F01DFE21896068012203F0F2F991
:1044200061896068012203F0EDF92189606800224A
:1044300003F0E8F90A230122294620688DF83F801D
:1044400005F006FE21896068012203F0DBF9009B7C
:1044500007981B7861890344012260685FFA83FA38
:1044600003F0D0F921896068002203F0CBF90A2318
:104470000122294620688DF83FA005F0E9FD218939
:104480006068012203F0BEF961896068012203F0CF
:10449000B9F921896068002203F0B4F90A230122E6
:1044A000294620688DF83F8005F0D2FD218960689B
:1044B000012203F0A7F9009B61891B786068012243
:1044C0009B4403F09FF921896068002203F09AF968
:1044D0005FFA8BFB0A230122294620688DF83FB042
:1044E00005F0B6FD21896068012203F08BF961892E
:1044F0006068002203F086F921896068002203F0D9
:1045000081F92B238DF83F3001220A2329462068A8
:1045100005F09EFD21896068012203F073F961892D
:104520006068012203F06EF921896068002203F0BF
:1045300069F90A230122294620688DF83F8005F099
:1045400087FD21896068012203F05CF9019B618984
:1045500093F800B06068012203F054F9BB4421894C
:104560006068002203F04EF95FFA8BFB0A230122F8
:10457000294620688DF83FB005F06AFD2189606802
:10458000012203F03FF961896068012203F03AF9E2
:1045900021896068002203F035F90A2301222946A7
:1045A00020688DF83F8005F053FD21896068012265
:1045B00003F028F9019B06991B78606803EB010A58
:1045C0000122618903F01EF921896068002203F04D
:1045D00019F95FFA8AFA0A230122294620688DF820
:1045E0003FA005F035FD21896068012203F00AF93A
:1045F00061896068002203F005F921896068002262
:1046000003F000F92C238DF83F3001220A232946BC
:10461000206805F01DFD21896068012203F0F2F891
:1046200061896068012203F0EDF821896068002249
:1046300003F0E8F8049B8DF83F3001220A23294655
:10464000206805F005FD059B8DF83F3001220A2307
:104650002946206805F0FCFC21896068012203F0EE
:10466000D1F8089B002E1F443FB2B3B2BFF6ACAEE8
:104670000A9A13441EB2099B09F101094B457FF4C4
:10468000B1AE0899DDF834A007985A1E0AEB010371
:1046900012FB013217B2AEE180F201820C99A1EB5C
:1046A00009091FFA89F40FFA89FE4FF0FF31002E35
:1046B000C0F2CC810123E6450893C0F2D3814FEAD2
:1046C00048081FFA88FCACEB0406341BA3B20D9318
:1046D000C5F307230493BEF1000FEBB238B236B234
:1046E00017B2059340F3EA810B4B02930B4B0393F4
:1046F0000B4B009389B20B4B07974FF000090A4C04
:1047000001930DF13F05C846CDF824E0CDF82CC04B
:1047100007460A9118E000BF54040020500400200E
:10472000380400203904002018040020DDE90721A6
:104730000D980A4403441EB213B20793099B09F172
:1047400001094B4500F04F81029B6189D3F800B00D
:10475000039B60681B680693002203F053F82189CD
:104760006068002203F04EF82A238DF83F300122C2
:104770000A232946206805F06BFC21896068012224
:1047800003F040F861896068012203F03BF8218959
:104790006068002203F036F80A23012229462068C7
:1047A0008DF83F8005F054FC21896068012203F0F8
:1047B00029F8009B61891B7860683B4401225FFAFD
:1047C00083FA03F01FF821896068002203F01AF8C9
:1047D0000A230122294620688DF83FA005F038FC05
:1047E00021896068012203F00DF861896068012267
:1047F00003F008F821896068002203F003F80A2317
:104800000122294620688DF83F8005F021FC21898E
:104810006068012202F0F6FF009B61891B786068E6
:1048200001229B4402F0EEFF21896068002202F021
:10483000E9FF5FFA8BFB0A230122294620688DF8E5
:104840003FB005F005FC21896068012202F0DAFF23
:1048500061896068002202F0D5FF2189606800222A
:1048600002F0D0FF2B238DF83F3001220A23294686
:10487000206805F0EDFB21896068012202F0C2FF8B
:1048800061896068012202F0BDFF21896068002211
:1048900002F0B8FF0A230122294620688DF83F80E4
:1048A00005F0D6FB21896068012202F0ABFF019B75
:1048B000079993F800B0606801228B44618902F087
:1048C000A1FF21896068002202F09CFF5FFA8BFB48
:1048D0000A230122294620688DF83FB005F0B8FB75
:1048E00021896068012202F08DFF618960680122E0
:1048F00002F088FF21896068002202F083FF0A230A
:104900000122294620688DF83F8005F0A1FB21890E
:104910006068012202F076FF019B06981B7861898E
:1049200003EB000A0122606802F06CFF21896068D5
:10493000002202F067FF5FFA8AFA0A230122294661
:1049400020688DF83FA005F083FB21896068012273
:1049500002F058FF61896068002202F053FF21894C
:104960006068002202F04EFF2C238DF83F300122B8
:104970000A232946206805F06BFB21896068012223
:1049800002F040FF61896068012202F03BFF21894B
:104990006068002202F036FF049B8DF83F30012250
:1049A0000A232946206805F053FB059B8DF83F300C
:1049B00001220A232946206805F04AFB2189606804
:1049C000012202F01FFF0A9B002E1F443FB2B3B228
:1049D000BFF6ACAE0B9A13441EB2099B09F1010954
:1049E0004B457FF4B1AE0A99079F581E0C9B0B44B0
:1049F00010FB013000B2029B1968039B3A461B680A
:104A0000FEF7BCFD61896068012202F0FBFE21898E
:104A10006068002202F0F6FE049A8DF83F202946D5
:104A200020680A23012205F013FB05988DF83F004A
:104A3000294620680A23012205F00AFB21896068C3
:104A4000012211B0BDE8F04F02F0DCBEAAEB030377
:104A50000FFA83FC1FFA83F8E6454FF6FF730893BD
:104A6000BFF62DAE64001FFA84FEAEEB0806A6EB7F
:104A700008081FFA88F30B93C5F307230493BCF1CE
:104A8000000FEBB238B236B217B205933FF77BACEA
:104A900014E02A4611B0BDE8F04FFFF721B8A4B2E8
:104AA000012104E60FFA83FCBCF1000F0EDCC5F314
:104AB00007230493EBB200B20FB205930B4B0293A2
:104AC0000B4B0C4C03930DF13F0594E7D8441FFAB0
:104AD00088F30B93C5F307230493EBB205934FF6CA
:104AE000FF73714600B217B208934CE454040020DF
:104AF00050040020180400202DE9F04F87B0550025
:104B0000DFF838A14C4F0293164680468946C5F11E
:104B10000305002409E0A31B013E013405EB8303D8
:104B2000A64203F10A05C0F2848009EB0603049350
:104B3000A9EB0603039308EB06030093A8EB060317
:104B40000193BAF8002004EB080B5A4515D93B88AD
:104B50000499994208D2029A5846FEF741FEBAF8E3
:104B600000205A4509D93B8803998B4205D9029AFE
:104B70005846FEF735FEBAF80020A8EB040B934523
:104B800015D23B880499994208D2029A5846FEF7FA
:104B900027FEBAF800205A4509D93B8803998B4271
:104BA00005D9029A5846FEF71BFEBAF80020009875
:104BB000904209EB0403A9EB040B19D239889942FE
:104BC0000BD9029A05931946FEF70AFEBAF800209F
:104BD0000098059B90420BD23988594508D9029A12
:104BE000009805935946FEF7FBFDBAF80020059B97
:104BF0000198904213D23A889A4209D91946029AEA
:104C0000FEF7EEFDBAF800300198984207D23A88D4
:104C10005A4504D9DDE901025946FEF7E1FD002DB0
:104C2000BFF679AF05EB84050134B44205F1060502
:104C300087DD07B0BDE8F08F340400203604002083
:104C40002DE9F04F154687B0804689461E46C2F1D1
:104C50000107002404E0A24203F105073BDB1546EF
:104C600005EB0903059305EB0803A9EB050BA8EB7E
:104C7000050A0293059B0096A8EB040008EB0402CA
:104C8000194604920390FFF74BFB049A0398009691
:104C90005B465946FFF744FB04EB09031946029AA9
:104CA00000965046FFF73CFBA9EB04031946029A15
:104CB00000965046FFF734FB631B002F04F10104FC
:104CC00005F1FF3207EB430307EB4401C3DAA542CA
:104CD00001F10107CEDA07B0BDE8F08F2DE9F04F02
:104CE00083B004468B46FBF77BFA002836D0DFF80A
:104CF000D081704FDFF8CC91064600252078D0286F
:104D000033D0D12857D0C22809BF6078013406F1CA
:104D1000FF3602340A2824D00D2834D0F82802D0D7
:104D2000B02840F0A580D8F80030D7F800A0D8F817
:104D300000003968019302225B4603300531FFF71A
:104D4000DBFE1FFA8AF33B60019A99F8083013FAE8
:104D500082F3C8F800300135B542CFDB03B0BDE8BF
:104D6000F08F0023C8F80030F5E76078842804F15C
:104D7000020406F1FF3653D087283ED0812828D080
:104D80001138C0B2C6E73A6899F8093099F80810A6
:104D90001344494A3B6013883A685B1A93423CBF0C
:104DA00000233B60D9F80420444B9A42D3D13B689E
:104DB00002333B60CFE76078942804F1020406F1E7
:104DC000FF364BD097283FD0912833D02F30C0B238
:104DD000A0E7DFF8F0A0394BDAF804209A424FF050
:104DE000C30013D05946FEF795FFD8F800209AF873
:104DF00008301344C8F80030ADE7DFF8C8A02F4BE7
:104E0000DAF804209A424FF0C200EBD15946FEF77F
:104E100081FF2B4A9AF8083011680B4413609AE717
:104E2000DFF8A0A0254BDAF804209A424FF0C10029
:104E3000D8D1EBE7DFF88CA0204BDAF804209A42B7
:104E40004FF0C400CED1E1E7DFF878A01B4BDAF8D1
:104E500004209A424FF0C000C4D1D7E7DFF864A025
:104E6000164BDAF804209A424FF0BF00BAD1CDE7D2
:104E7000DFF850A0114BDAF804209A42B2D12E2864
:104E800015D1DFF83CA00B4ADAF800300233CAF83B
:104E90000030DAF8000011685B4627310222FFF784
:104EA000CFFEDAF800300433CAF8003053E72C287C
:104EB000E7D0ABE7400400203404002088D6000887
:104EC00044040020280400202DE9F04F85B090F81C
:104ED00000A00192BAF1000F2ED00446013088469E
:104EE000FBF77EF9804FDFF810B2461C00255046D4
:104EF000D02824D0D12853D0C22860D001340A2829
:104F00002ED00D2834D0F82860D0DFF8EC91774B04
:104F1000D9F804209A4200F0CB80A246019A41467B
:104F2000FFF742F9724999F808300A6801351344CD
:104F3000B54254460B6019DB05B0BDE8F08F6078D0
:104F4000842804F1020A06F1FF3600F085808728E4
:104F500077D081285FD01138C0B20A285446D0D10A
:104F6000634A002313600135B542E5DA2078BFE7D4
:104F70003A689BF809309BF8081013443B605D4B7E
:104F80003A681B885B1A93423CBF00233B60DBF806
:104F90000420564B9A42E6D13B6802333B60E2E77D
:104FA0006078942804F1020A06F1FF3675D097283C
:104FB00068D091285BD02F30C0B254469FE760780C
:104FC000B02806F1FF3604F1020498D1DFF82091F1
:104FD000DFF814A1D9F80030019A02934146DAF8BB
:104FE000003003932020FFF7DFF8D9F80000DAF84B
:104FF00000100222434603300531FFF77DFDBDF866
:105000000C30CAF800303C4B029A1B7A13FA82F338
:10501000C9F80030A7E7DFF8E090344BD9F8042056
:105020009A424FF0C3007FF479AF019A4146FFF7EF
:10503000BBF82F4A99F8083011680B4454461360A6
:1050400091E7DFF8B490294BD9F804209A424FF049
:10505000C2007FF463AFE8E7DFF89C90234BD9F8F8
:1050600004209A424FF0C1007FF458AFDDE7DFF82B
:1050700088901E4BD9F804209A424FF0C4007FF468
:105080004DAFD2E7DFF87090184BD9F804209A4260
:105090004FF0C0007FF442AFC7E7DFF85C90134BDE
:1050A000D9F804209A424FF0BF007FF437AFBCE735
:1050B00000F0FD032C2B15D1DFF834900A4AD9F803
:1050C00000300233C9F80030D9F8000011684346B7
:1050D00027310222FFF7B4FDD9F800300433C9F8B4
:1050E000003040E7A246A0E74004002088D6000830
:1050F000440400203404002028040020044A054B06
:10510000127819880AB1FFF7E9BD5A88FFF7DCBEAB
:105110003C040020280400202DE9F04FA04BA14CB6
:10512000DFF898B283B0924621609F4C1A609F4A84
:105130009F4BD2F80090D3F800800E460022618980
:105140000746606802F05EFB21896068002202F079
:1051500059FB2A238DF8073001220A230DF107019C
:10516000206804F075FF21896068012202F04AFB83
:1051700061896068012202F045FB21896068002294
:10518000002502F03FFB0A2301220DF107012068F0
:105190008DF8075004F05CFF21896068012202F05D
:1051A00031FB9BF800306189606801221E4402F0E7
:1051B00029FB218960682A4602F024FBF6B20A2303
:1051C00001220DF1070120688DF8076004F040FF0F
:1051D00021896068012202F015FB61896068012263
:1051E00002F010FB218960682A4602F00BFB0A23BB
:1051F00001220DF1070120688DF8075004F028FF07
:1052000021896068012202F0FDFA9BF80060618943
:105210006068012202F0F6FA4E4421896068DFF8E6
:10522000A0912A4602F0EEFAF6B20A2301220DF10D
:10523000070120688DF8076004F00AFF2189606883
:10524000012202F0DFFA618960682A4602F0DAFA88
:10525000218960682A4602F0D5FA2B238DF80730A1
:1052600001220A230DF10701206804F0F1FE2189D3
:105270006068012202F0C6FA61896068012202F0CA
:10528000C1FA218960682A4602F0BCFA0A23012289
:105290000DF1070120688DF8075004F0D9FE21892F
:1052A0006068012202F0AEFA99F8006061896068D6
:1052B000012202F0A7FA5644218960682A4602F0CA
:1052C000A1FAF6B20A2301220DF1070120688DF838
:1052D000076004F0BDFE21896068012202F092FAA5
:1052E00061896068012202F08DFA218960682A468E
:1052F00002F088FA0A2301220DF1070120688DF8D7
:10530000075004F0A5FE21896068012202F07AFAB4
:1053100099F8006061896068012202F073FA4644DE
:10532000218960682A4602F06DFAF6B20A2301224A
:105330000DF1070120688DF8076004F089FE2189CE
:105340006068012202F05EFA618960682A4602F014
:1053500059FA218960682A4602F054FA2C220A235D
:105360000DF107018DF807202068012204F070FE7E
:1053700021896068012202F045FA0E4A0E4B12782C
:1053800019882AB1384603B0BDE8F04FFFF7A6BC34
:105390005A88384603B0BDE8F04FFFF795BD00BF0F
:1053A000400400204404002018040020540400207D
:1053B000500400203C040020280400203804002071
:1053C000390400202DE9F041002886B046DB002496
:1053D000012122460928C8BF4FF00A0C25DD0CEB3D
:1053E0008C03B0EB430F4FEA430CF8D21F4FBCF1D4
:1053F000130FA7FB0C534FEAD30316D9B0FBF3FEF0
:105400000DEB02059C4611460EF130060132A7FB5A
:105410000384BCF1130F03FB1E002E71D2B24FEABE
:10542000D403EBD802311446C9B2114D114A2D787C
:105430000DEB01036C4430300026207111881E7181
:105440002DB101A8FFF74AFC06B0BDE8F0815288F3
:1054500001A8FFF739FD06B0BDE8F0812D23012436
:1054600040428DF8043002212246B3E7CDCCCCCCAB
:105470003C040020280400202DE9F04F9A4B9B4C5F
:10548000DFF878B283B092462160994C1A60994A4D
:10549000994BD2F80090D3F8008007460E4660681A
:1054A0006189002202F0AEF921896068002202F0D1
:1054B000A9F92A238DF807300DF107010A23206886
:1054C000012204F0C5FD21896068012202F09AF9E9
:1054D00061896068012202F095F9218960680022E3
:1054E000002502F08FF90A230DF1070120688DF8DD
:1054F0000750012204F0ACFD21896068012202F00E
:1055000081F99BF800306189606801221E4402F035
:1055100079F9218960682A4602F074F9F6B20A2303
:105520000DF1070120688DF80760012204F090FD5D
:1055300021896068012202F065F9618960680122B1
:1055400002F060F9218960682A4602F05BF90A23BB
:105550000DF1070120688DF80750012204F078FD55
:1055600021896068012202F04DF99BF80060618991
:105570006068012202F046F94E4421896068DFF834
:1055800080912A4602F03EF9F6B20A230DF1070196
:1055900020688DF80760012204F05AFD21896068B7
:1055A000012202F02FF9618960682A4602F02AF987
:1055B000218960682A4602F025F92B238DF80730EF
:1055C0000DF107010A232068012204F041FD218921
:1055D0006068012202F016F961896068012202F018
:1055E00011F9218960682A4602F00CF90A230DF1AD
:1055F000070120688DF80750012204F029FD218958
:105600006068012202F0FEF899F800606189606824
:10561000012202F0F7F85644218960682A4602F018
:10562000F1F8F6B20A230DF1070120688DF8076042
:10563000012204F00DFD21896068012202F0E2F8E8
:1056400061896068012202F0DDF8218960682A46DC
:1056500002F0D8F80A230DF1070120688DF80750F1
:10566000012204F0F5FC21896068012202F0CAF8E9
:1056700099F8006061896068012202F0C3F846442D
:10568000218960682A4602F0BDF8F6B20A230DF1BE
:10569000070120688DF80760012204F0D9FC2189F8
:1056A0006068012202F0AEF8618960682A4602F063
:1056B000A9F8218960682A4602F0A4F82C220A235E
:1056C0000DF107018DF807202068012204F0C0FCCD
:1056D00060682189012202F095F8384603B0BDE8E0
:1056E000F04FFFF76FBE00BF4004002044040020CD
:1056F0001804002054040020500400203804002026
:105700003904002082B00C4B002100915A6C42F405
:1057100080425A645A6C02F480420092009A0191CD
:105720001A6C42F080521A641B6C03F08053019390
:10573000019B02B0704700BF00380240000000002B
:1057400000B5194A016889B000239142CDE90233BE
:10575000CDE90433069301D009B000BD02F58C32C7
:105760000093506C40F480705064506C00F4807072
:10577000009000980193136B0C4843F001031363EE
:10578000136B9FED077B03F00103019302A98DEDDD
:10579000027B019B01F074FE09B000BDAFF30080F5
:1057A0001E00000003000000002001400000024035
:1057B00030B5184B026889B000249A42CDE9024402
:1057C000CDE90444069401D009B030BD124D0094D7
:1057D0002B6B43F002032B632B6B03F0020300934C
:1057E0004FF440721223CDE9022300980B480322A4
:1057F000042302A9CDE9052301F042FE01942B6C9C
:1058000043F400132B642B6C03F400130193019BEE
:1058100009B030BD0054004000380240000402408E
:1058200010B51B4A016888B000239142CDE90233CC
:10583000CDE90433069301D008B010BD02F5003263
:105840000093106C40F480401064106C00F48040B1
:10585000009000980193136B0E4843F0020313630A
:10586000136B9FED097B03F00203019303220523D1
:1058700002A98DED027BCDE90523019C01F000FE1C
:1058800008B010BDAFF3008000E00000020000008F
:10589000003800400004024000B50368B3F1804FB7
:1058A00085B015D01D4A934204D01D4A93421ED0A4
:1058B00005B000BD1B4B002202921A6C42F002029E
:1058C0001A641B6C03F002030293029B05B000BD37
:1058D00003F50E33002201921A6C42F001021A64A1
:1058E0001B6C03F001030193019B05B000BD0D4B40
:1058F00000220392196C41F0040119641B6C03F03F
:105900000403039301211E20039B01F057FD1E2079
:1059100005B05DF804EB01F08BBD00BF0004004052
:10592000000800400038024030B503688BB0002406
:10593000B3F1804FCDE90444CDE90644089404D086
:10594000244A93422FD00BB030BD03F50E3301949F
:105950001A6B214842F001021A631A6B02F001022D
:105960000192019A02941A6B42F002021A631B6BB5
:1059700003F0020302934FF40042012504A902231D
:10598000CDE904230895029B01F07AFD0822022349
:105990001248089504A9CDE90423CDE9064401F095
:1059A0006FFD0BB030BD0E4B03941A6B0B4842F0E9
:1059B00002021A631B6B03F00203039323240223E6
:1059C000022504A9CDE90445039A089301F058FD86
:1059D0000BB030BD00040040000002400004024053
:1059E00000380240FEE700BFFEE700BFFEE700BF51
:1059F000FEE700BFFEE700BF704700BF704700BF73
:105A0000704700BF08B50548FAF7C4FF0448FAF725
:105A1000C1FFBDE8084001F05BBA00BFE40100200F
:105A20008001002008B5124A13780133DBB2642BE1
:105A300013700DD90F490023098813700E480022F6
:105A4000102101F0DFFEBDE808400C4805F0B0B9B8
:105A5000084A128892B29342F0D9074801221021D5
:105A600001F0D0FEBDE80840044805F0A1B900BF30
:105A70005804002078010020000402404802002061
:105A8000014802F0AFBF00BF2C1400200C490D4AA2
:105A90000B6810B50C4C121B2BB11844904207D860
:105AA0000860184610BD094B0B6018449042F7D9A6
:105AB00006F0C2FF0C2303604FF0FF33184610BD01
:105AC0005C0400200000012000040000601A002097
:105AD00038B5154C0D464822014604F1580006F031
:105AE000D7FF9FED0F7B00234FF48032C4E916529D
:105AF00084F87030012284F8783084F8883084ED9E
:105B0000207B04F15800C4F8A4502366A3666366A2
:105B10006267E266BDE8384001F0FEB9AFF300808D
:105B20000100000F000000006004002038B5114B98
:105B30000C4658220146184606F0AAFF4FF482711F
:105B400003460022C0E900414FF40075C0F8A040B0
:105B50000A211820C3E90650C3E90222C3E904223E
:105B6000C3E90822C3E90A211846BDE8384004F019
:105B70000DBA00BF6004002010B4019C8360BDF822
:105B800008308461028280ED050A438409B14186B0
:105B900001215DF8044B80F830107047016082806D
:105BA000704700BF10B4019C03849DF80830C462A4
:105BB000C1605DF8044BC26180F82930704700BFB6
:105BC00070B5C16886B00122CDE9021202230546F4
:105BD00002A9314804930026059601F035FB2E48B2
:105BE00001F046FA64212C4801F0CEFA2A4801F06F
:105BF00027FB0446284801F0ABFAEB6AA4B2C3EBDA
:105C0000033206EE102A07EE904A07EE103AB8EE7D
:105C1000466AF8EE677AF8EE476A86EE277A95F8D4
:105C2000293037EE667AFBB9298CA9B1EA69023AC4
:105C300002E0013399420FD032F8020F07EE900ACA
:105C4000F8EEE77AF4EEC77AF1EE10FAF1D89BB2EB
:105C500007EE903AB8EE677AFCEEC77ACDED017A9E
:105C60009DF8040006B070BD012BF5D1298C0029E8
:105C7000F2D0EA693346023A02E001338B42EBD0BC
:105C800032F8020F07EE900AF8EEE77AF4EEC77AE0
:105C9000F1EE10FAF1DBDAE7B804002070B52DED73
:105CA000028B012986B00C46054679D0022906D020
:105CB000032921D0002006B0BDEC028B70BD818885
:105CC0000068002201F09EFD0A23224602A97348C3
:105CD00004F02CFC2868A988012201F093FDBDF88E
:105CE00008305BBA98B25B0754BF40094FF6FF70AB
:105CF00006B0BDEC028B70BD816869480122CDE918
:105D00000212022302A900260493059601F09CFAD0
:105D1000634801F0ADF96421614801F035FA60484B
:105D200001F08EFA04465E4801F012FA6B6AA4B2E2
:105D3000C3EB033206EE102A07EE904A07EE103A44
:105D4000B8EE466AF8EE677AF8EE476A86EE277A8A
:105D500095F8283037EE667A002B7DD1698CA9B191
:105D6000AA69023A02E001338B420FD032F8020FE7
:105D700007EE900AF8EEE77AF4EEC77AF1EE10FA41
:105D8000F1D89BB207EE903AB8EE677AFCEEC77A8C
:105D9000CDED017A9DF8040006B0BDEC028B70BD1C
:105DA000002182680591022302A93D480292CDE9B3
:105DB000034301F049FA3A4801F05AF9642138489E
:105DC00001F0E2F9364801F03BFA0446344801F0AC
:105DD000BFF9A2B207EE902A95F83030B8EE678A84
:105DE000002B56D0688E2B8ADFED2E6AAA69698C4B
:105DF00007EE903A2C4BF8EEE77A93ED007A32F802
:105E0000103078EE677A67EE877A9FED287A67EE32
:105E1000A67AD5ED056A87EE876A07EE903A86EE98
:105E2000267AF8EEE77A77EE877A69B3023A0023AA
:105E300002E00133994227D032F8020F07EE100A30
:105E4000B8EEC77AB4EEE77AF1EE10FAF1DB98B269
:105E500006B0BDEC028B70BD012B97D1698C002977
:105E600094D0AA693346023A02E0013399428DD0B8
:105E700032F8020F07EE900AF8EEE77AF4EEC77AEE
:105E8000F1EE10FAF1DB7CE7FCEEE77A17EE903AE0
:105E9000DDE72846FFF794FE6886A4E7600400204B
:105EA000B8040020002474490800002000F07F4559
:105EB00010B584B0002101220223039100906946AD
:105EC0000A48CDE9012301F0BFF9084801F0D0F8F4
:105ED0006421064801F058F9044801F0B1F904467C
:105EE000024801F035F9A0B204B010BDB80400209A
:105EF000F0B52DED028B9FED1F8A85B0F0EE408A44
:105F00000646052500270223012269461A48029306
:105F1000CDE90062039701F097F9174801F0A8F85E
:105F20006421154801F030F9134801F089F904465D
:105F3000A4B2114801F00CF907EE904AF8EEE77AA6
:105F4000642038EE278A00F0D5FF6B1E13F0FF05A2
:105F5000D9D1F1EE047A88EE277A084BDFED087A82
:105F600068EEA78AC8EE877AC3ED007A05B0BDEC6B
:105F7000028BF0BD00000000B804002008000020E3
:105F800000F07F4570B5244884B000224FF40051E2
:105F900001F038FC64249F238DF80E3000940DF13D
:105FA0000F020DF10E0101231C4804F055F9A5253F
:105FB00000940DF10F020DF10E01012317488DF829
:105FC0000E5004F049F900940DF10F020DF10E018D
:105FD000012312489DF80F608DF80E5004F03CF933
:105FE00000940DF10F029DF80F400C488DF80E50F3
:105FF0000DF10E01012304F02FF907489DF80F5011
:1060000001224FF4005101F0FDFB200240EA06405E
:10601000284304B070BD00BF0008024020030020E8
:10602000F0B5224885B000224FF4005101F0EAFBA0
:1060300064254B228DF80E201D48009501230DF19B
:106040000F020DF10E0104F007F90424A526012327
:10605000174800950DF10F020DF10E018DF80E603D
:1060600004F0FAF8631E13F0FF04F0D1114CA527D9
:1060700004F10806642501230D4800950DF10F0277
:106080000DF10E018DF80E7004F0E6F89DF80F305A
:1060900004F8013FB442EED1044801224FF400510C
:1060A00005B0BDE8F04001F0ADBB00BF0008024004
:1060B000200300200805002030B5012085B000F045
:1060C00019FF1A481A4C00224FF4005101F09AFBB4
:1060D0006423052100938DF80E10164801230DF15D
:1060E0000F020DF10E0104F0B7F8A525642300930B
:1060F0000DF10F0201230DF10E010E488DF80E5027
:1061000004F0AAF89DF80F3084F82430012000F044
:10611000F1FE94F82430DB07E8D4044801224FF460
:10612000005105B0BDE8304001F06CBB00080240F2
:10613000080500202003002070B58D4C012384B099
:1061400084F8273001E000F0D5FE00F0CDFE632892
:106150004FF00100F7D901224FF40051854801F0BA
:1061600051FB642000F0C6FEFFF70CFFC0B21138EF
:106170000F2811D8DFE810F0AC00B300BB00C3005B
:10618000CC00D500DE001600F10010001000100059
:10619000100010001000E7000020002384F82730D2
:1061A00004B070BD08254FF480734FF480424FF463
:1061B00080314FF48050E3614FF4807363814FF47A
:1061C000805323614FF48033A36125706061E160E7
:1061D0002262FFF725FF674800224FF4005101F0CB
:1061E00011FB642505238DF80E300DF10F020DF122
:1061F0000E0100950123604804F02EF8A5260DF14C
:106200000F020DF10E01009501235B488DF80E6021
:1062100004F022F89DF80F30564884F8243001220B
:106220004FF4005101F0EEFA524800224FF40051B1
:1062300001F0E8FA35238DF80E300DF10F020DF163
:106240000E01009501234C4804F006F80DF10F02F1
:106250000DF10E010095012347488DF80E6003F003
:10626000FBFF9DF80F30434884F8253001224FF49E
:10627000005101F0C7FA3F4800224FF4005101F0ED
:10628000C1FA15238DF80E300DF10F020DF10E013C
:1062900000950123384803F0DFFF0DF10F020DF1E7
:1062A0000E010095012334488DF80E6003F0D4FFF1
:1062B0009DF80F302F4884F8263001224FF400510A
:1062C00001F0A0FA0120002384F8273004B070BD4B
:1062D0000125022380224FF4007120206BE7022564
:1062E00004234FF480724FF48061402063E703255C
:1062F00008234FF400724FF4006180205BE704250F
:1063000010234FF480624FF480514FF4807052E7B5
:10631000052520234FF400624FF400514FF4007024
:1063200049E7062540234FF480524FF480414FF453
:10633000806040E7072580234FF400524FF400416E
:106340004FF4006037E70A254FF480634FF4803242
:106350004FF480214FF480402DE709254FF400735E
:106360004FF400424FF400314FF4005023E700BFD8
:10637000080500200008024020030020F0B5454C2D
:1063800094F82730012B85B0054606D1012000F096
:10639000B1FD94F82730012BF8D0012684F827604E
:1063A000FFF78AFE23693C4800224FF4005103FBAB
:1063B00005F5642701F026FA06238DF80E300DF15D
:1063C0000F0233460DF10E013448009703F044FFED
:1063D00032464FF40051304801F014FA304600F0D4
:1063E00089FD2D4800224FF4005101F00BFA23786B
:1063F0000097082B4AD921238DF80E300DF10F029A
:10640000334626480DF10E0103F026FF0097334670
:106410002A0E8DF80E200DF10E010DF10F021F480E
:1064200003F01AFF64262B0C8DF80E300DF10F02CD
:106430000DF10E0100960123184803F00DFF2B0A01
:106440008DF80E300DF10F020DF10E0100960123B3
:10645000124803F001FF01230DF10F020DF10E01AF
:1064600000960E488DF80E5003F0F6FE01224FF410
:106470000051094801F0C6F9FFF71EFE012000F0A7
:1064800039FD002384F8273005B0F0BD33462022C3
:10649000BFE700BF080500200008024020030020DD
:1064A0002DE9F043504C1E4694F82730012B85B05F
:1064B00080460F46154607D1012000F01BFD94F8D9
:1064C00027C0BCF1010FF7D00122638984F827208F
:1064D00072199A4200F28480002E00F08180FFF74A
:1064E000EBFD424800224FF4005101F08BF94FF0D0
:1064F000640906238DF80E300DF10F0201230DF112
:106500000E013B48CDF8009003F0A6FE01224FF4A7
:106510000051364801F076F9012000F0EBFC3348D9
:1065200000224FF4005101F06DF9638907FB035518
:106530002378CDF80090082B54D912238DF80E3013
:106540002B4801230DF10F020DF10E0103F084FE23
:10655000CDF800902B0E8DF80E300DF10F020DF1DD
:106560000E010123224803F077FE64272B0C8DF8DF
:106570000E300DF10F020DF10E01009701231C48A2
:1065800003F06AFE2B0A8DF80E300DF10F020DF1AB
:106590000E0100970123164803F05EFE0DF10F0275
:1065A0000DF10E010097012311488DF80E5003F0F4
:1065B00053FE3B46B2B241460D4803F049FD01226D
:1065C0004FF40051094801F01DF9FFF775FD012056
:1065D00000F090FC002384F8273005B0BDE8F0837C
:1065E0005E1B7CE70223B6E7080500200008024096
:1065F000200300202DE9F041164F3E699E4280465F
:1066000025D31C46002B08BF344696421DD9A3183B
:106610009E427B8938BFB41A01FB06F6B2FBF3F148
:10662000B6FBF3F603FB11250E4423462A463146FA
:106630004046FFF735FF7B89EA1A14445B1B0025AF
:10664000AC4206F101069844EFDCBDE8F081344627
:10665000DBE700BF080500202DE9F047474C94F820
:106660002730012B84B081460F4606D1012000F06F
:1066700041FC94F82730012BF8D041484FF0010835
:1066800000224FF4005184F8278001F0BBF82378F2
:10669000082B62D90C230DF10F060DF10E054FF0FA
:1066A000640A8DF80E303246434629463548CDF807
:1066B00000A003F0D1FD3A0E8DF80E203148CDF840
:1066C00000A043463246294603F0C6FD4FF0640859
:1066D0003B0C8DF80E3032462946CDF80080012360
:1066E000284803F0B9FD3B0A8DF80E3032462946A2
:1066F000CDF800800123234803F0AEFD3246294641
:10670000CDF8008001231F488DF80E7003F0A4FD22
:10671000002732462946CDF80080012319488DF81C
:106720000E7003F099FDA523324629468DF80E30F0
:10673000CDF800800123134803F08EFD9DF80F3043
:106740000F4889F8003001224FF4005101F05AF847
:1067500084F8277004B0BDE8F0870B228DF80E2076
:106760000DF10F060DF10E056422009243463246EC
:106770002946044803F070FDA8E700BF0805002083
:1067800000080240200300202DE9F0474B4C9846BA
:1067900094F82730012B84B081460E46154607D168
:1067A000012000F0A7FB94F827C0BCF1010FF7D03F
:1067B00063890122434584F8272073D3B8F1000F81
:1067C00008BF984608EB050293423D484FF000028F
:1067D0004FF4005138BFA3EB050806FB035501F049
:1067E00011F82378082B5FD90C234FF0640A0DF1C0
:1067F0000F070DF10E068DF80E303248CDF800A0CF
:1068000001233A46314603F027FD2B0ECDF800A0B8
:106810008DF80E303A46314601232A4803F01CFD1C
:106820004FF0640A2B0C8DF80E303A463146CDF805
:1068300000A00123234803F00FFD2B0A8DF80E3032
:106840003A463146CDF800A001231E4803F004FD6E
:106850003A463146CDF800A001231A488DF80E5073
:1068600003F0FAFC00253A463146CDF800A001239A
:1068700014488DF80E5003F0EFFC53461FFA88F2CF
:106880004946104803F052FE01224FF400510C48D3
:1068900000F0B8FF012000F02DFB84F8275004B071
:1068A000BDE8F08798468DE70B238DF80E30642302
:1068B0000DF10F070DF10E060093ABE70805002060
:1068C0000008024020030020DFF834D000F0B8FABE
:1068D0000C480D490D4A002302E0D458C45004333B
:1068E000C4188C42F9D30A4A0A4C002301E0136011
:1068F0000432A242FBD306F0A5F8FAF71DFD70475B
:10690000000001200000002054010020C4EA00081B
:1069100058010020601A0020FEE7000008B5184961
:106920001848002205F072FB70B91749154805F0A8
:1069300081FB88B91549134805F028FBA0B9114817
:1069400005F094FBB8B908BDFBF760FB0E490D4894
:1069500005F070FB0028EDD0FBF758FB0B49094808
:1069600005F014FB0028EAD0FBF750FB054805F0C2
:106970007DFB0028E7D0BDE80840FBF747BB00BF20
:106980005400002030050020C00000200C00002032
:1069900000207047002070470020704708B501466E
:1069A000034805F00DFB024805F016FB002008BD6A
:1069B0003005002008B500220449054805F0F2FA28
:1069C0000449034805F0FCFA002008BD0C0800202B
:1069D000300500200C0C0020122301480B8070476A
:1069E00040000020042301480B8070473C00002039
:1069F00008B50A460248034905F082FF014808BD70
:106A000040D600080C10002008B50A460248034989
:106A100005F076FF014808BD54D600080C10002090
:106A200008B50A460248034905F06AFF014808BD57
:106A30006CD600080C10002008B50A46024803492D
:106A400005F05EFF014808BD78D600080C10002054
:106A5000514AD2F8103AD2F8180A4FF01A0C1B1803
:106A6000A1F800C001D14D487047D2F8141A4B4A22
:106A7000180FB3F1204F4FF0000C2CBF37303030DF
:106A800082F803C0C3F3036CBCF1090F9070604639
:106A90004FF0000C8CBF3730303082F805C0C3F3A4
:106AA000035CBCF1090F107160464FF0000C8CBF05
:106AB0003730303082F807C0C3F3034CBCF1090F04
:106AC000907160464FF0000C8CBF3730303082F848
:106AD00009C0C3F3033CBCF1090F107260464FF0CC
:106AE000000C8CBF3730303082F80BC0C3F3032C5E
:106AF000BCF1090F907260464FF0000C8CBF37302C
:106B0000303082F80DC0C3F3031CBCF1090F1073C1
:106B100060468CBF37303030907303F00F0003466F
:106B2000092894BF303337330020B1F1204F13745C
:106B30004FEA11732CBF373330335074C1F3036005
:106B40000928937403468CBF37333033C1F30350A5
:106B500009284FF0000C137503468CBF37333033D0
:106B6000C1F3034082F80FC04FF0000C092882F8EF
:106B700013C093754FF0000C034682F815C098BF00
:106B800030334FF0000C88BF37330021034882F8C0
:106B900017C01376517670470070FF1F2000002049
:106BA00030B5036889B00024B3F1A04FCDE90244A9
:106BB000CDE90444069401D009B030BD174D0094CE
:106BC0002B6B43F001032B632B6B03F0010300934A
:106BD0004FF4C0520223CDE902230098104802A9C5
:106BE00003220A23CDE9052300F04AFC6B6B43F036
:106BF00080036B6301946B6C43F480436B646B6C38
:106C000003F480432246214601934320019B00F078
:106C1000D5FB432000F00CFC09B030BD0038024029
:106C20000000024000F29C41D0F8E00405F032BAC6
:106C300001EBC10300EB8303D0F8E004D3F860223A
:106C400005F058BA01EBC10300EB8303D0F8E00470
:106C50001A6A05F08FBA00BFD0F8E00405F030BB27
:106C600010B5C379022B044601D0FBF7CFF9D4F855
:106C7000E004012105F006FBD4F8E004BDE8104073
:106C800005F0D2BA10B50446D0F8E00405F0FEFADB
:106C90002268D2F8003E43F00103C2F8003EE37AD6
:106CA00023B1034A136943F00603136110BD00BF0B
:106CB00000ED00E0D0F8E00405F0F6BAD0F8E0040A
:106CC00005F024BBD0F8E00405F00ABBD0F8E004DE
:106CD00005F032BBD0F8E00405F030BB02780AB111
:106CE0000020704708B5154B4FF0A041C3F8E004F1
:106CF000C0F8C8324FF400704FF0040C1960D8800F
:106D00000221184683F804C0C3F80910DA8101F0A3
:106D10003DFC78B98021094802F0B4FD40220021F1
:106D2000064802F031FD80220121044802F02CFDCA
:106D3000002008BDFBF76AF9ECE700BF2C14002027
:106D400008B5D0F8C80201F02BFE18B102280CBF1C
:106D50000120032008BD00BF944608B51A46D0F8AC
:106D6000C802634602F0E6FB18B102280CBF0120FE
:106D7000032008BD08B5D0F8C80202F015FC18B110
:106D800002280CBF0120032008BD00BF08B5D0F8C1
:106D9000C80202F087FC18B102280CBF01200320B2
:106DA00008BD00BF08B5D0F8C80202F0B9FC18B1A0
:106DB00002280CBF0120032008BD00BF0A06D0F83E
:106DC000C83206D401EBC10103EB810393F85602EC
:106DD000704701F07F0101EBC10103EB8103987D56
:106DE000704700BF08B5D0F8C80202F08FFB18B199
:106DF00002280CBF0120032008BD00BF08B5D0F851
:106E0000C80202F02BFC18B102280CBF012003209D
:106E100008BD00BF08B5D0F8C80202F0F3FB18B1F6
:106E200002280CBF0120032008BD00BFD0F8C80213
:106E300002F00ABC004870470C120020704700BFE7
:106E4000034AD2F8883043F47003C2F888307047A0
:106E500000ED00E038B50E4A0E4B12780546186872
:106E60004FF47A73B3FBF2F3B0FBF3F000F0EEFAF9
:106E700008B90F2D01D9012038BD04460246294624
:106E80004FF0FF3000F09AFA034B20461D6038BDEA
:106E900074000020700000207800002008B50B4B23
:106EA0001A6842F400721A601A6842F480621A602A
:106EB0001A6842F480721A60032000F06DFA0F2005
:106EC000FFF7C8FFFEF71EFC002008BD003C024093
:106ED000034A044B11681B780B441360704700BFD2
:106EE0001019002074000020014B1868704700BF83
:106EF0001019002038B50446FFF7F6FF631C05465D
:106F000002D0044B1B781C44FFF7EEFF401BA0424D
:106F1000FAD338BD74000020002800F09E8038B5F8
:106F2000056C04463DB1236CDB060CD5002384F8C8
:106F30003C30012038BDFEF703FC6564236C84F807
:106F40003C50DB06F2D4236C474A23F4885323F0E9
:106F5000020343F0020323645168236821F44031A3
:106F6000516051686068014351605A682069A168A6
:106F700022F480725A605A6842EA00225A605A68C3
:106F8000E06822F040725A605A680A435A609A6870
:106F9000A16A22F400629A609A6802439A60334AB6
:106FA00091429A6851D022F07062E06A9A609A68C1
:106FB000114399609A6822F040529A609A6802439D
:106FC0009A609A6822F002029A609A68217E42EAE8
:106FD00041029A6094F82020002A40D05A68616AE1
:106FE00042F400625A605A6822F460425A605A6859
:106FF000013942EA41325A60DA6AE16922F47002E8
:10700000DA62DA6A013942EA0152DA629A6861693F
:1070100022F400729A609A6894F8300042EA4022A2
:107020009A609A6822F480629A609A68002042EA24
:1070300081229A606064236C23F0030343F0010310
:107040002364002384F83C3038BD22F070629A60DB
:107050009A6822F040529A60B3E7012070475A685C
:1070600022F400625A60C7E7002301400100000FCC
:1070700010B490F83C3083B00022012B01925AD01A
:107080000123026880F83C309368DC0714D42C4B51
:107090002C4C1B689168A4FB03439B0C03EB43033C
:1070A00041F0010191600193019B2BB1019B013BD8
:1070B0000193019B002BF9D1936813F0010F036C2E
:1070C0002DD023F4E06323F0010343F480730364C1
:1070D0005368590505D5036C23F4405343F480539A
:1070E0000364036C13F480531CBF436C23F006034A
:1070F00043640024144B80F83C406FF0220111607F
:107100005B68DB0602D0114B9A420FD1936813F0F3
:10711000405F0BD1936843F08043936006E043F0F7
:1071200010030364436C43F001034364002003B085
:107130005DF8044B7047022003B05DF8044B7047C4
:107140007000002083DE1B4300230140002001402B
:1071500090F83C30012B14D003689A6822F00102A9
:107160009A609B68DB0707D4036C23F4885323F0F1
:10717000010343F001030364002380F83C30184608
:1071800070470220704700BF03689A68520570B5C7
:1071900004460D4602D59B68DE053AD4FFF7A4FEEF
:1071A0000646681C226810D0002D3ED1136899074E
:1071B0000ED413689807F9D4236C002243F004031B
:1071C00084F83C202364032070BD13689D07FCD520
:1071D0006FF012031360236C43F40073236493680D
:1071E00013F0405F13D1237E8BB9D36A13F4700F71
:1071F00002D093685A050AD4236C23F48073236465
:10720000236CDB0403D4236C43F0010323640020CC
:1072100070BD036C002243F0200380F83C2003641F
:10722000012070BD13689B07C6D513689907CFD49A
:10723000FFF75AFE831B9D422268F3D3F5E700BF98
:107240000368D86C704700BF70B590F83C3082B0CE
:107250000246012B4FF00000019000F093800123C3
:1072600082F83C300D6813688C68092DA8B228D8C4
:107270001E6905EB450E4FF0070C0CFA0EFC26EAD2
:107280000C061E611E6904FA0EF434431C614C683E
:10729000062C04EB84012AD85C6B05394FF01F0CD7
:1072A00088400CFA01F124EA01015963596B084343
:1072B000586336498B422BD0002082F83C0002B044
:1072C00070BD00EB400CDE68ACF11E0C4FF0070EF9
:1072D00004FA0CF40EFA0CFC26EA0C06DE60DE68FA
:1072E0003443DC604C68062C04EB8401D4D90C2CAC
:1072F00034D81C6B23391F26884006FA01F124EA92
:1073000001011963196B0843204918638B42D3D1DB
:10731000122D30D0A5F11003012BCDD81C494B689C
:10732000102D43F400034B60C6D11A4B01F1467196
:107330001B6801F52E3101F28331A1FB03139B0C75
:1073400003EB83035B000193019B002BB4D0019BF3
:10735000013B0193019B002BF9D1ADE7DC6A413978
:107360001F26884006FA01F124EA0101D962D96A90
:107370000843D8629DE7D1F8043343F48003C1F891
:10738000043399E7022002B070BD00BF0020014025
:1073900000230140700000200749CA6803024FF62D
:1073A000FF0003F4E0630240134343F0BF6343F480
:1073B0000033CB60704700BF00ED00E01A4BDB6884
:1073C000C3F3022300B5C3F1070EBEF1040F03F1AE
:1073D000040C28BF4FF0040EBCF1060F1BD9A3F11B
:1073E000030C4FF0FF3303FA0CF322EA03024FF0D1
:1073F000FF3303FA0EF321EA030303FA0CF31343FA
:107400001B010028DBB209DB00F1604000F56140A0
:1074100080F8003300BD00229446E8E7034A00F0FC
:107420000F000244137600BD00ED00E0FCEC00E02C
:10743000002807DB044A4109012300F01F008340B4
:1074400042F82130704700BF00E100E00138B0F1A0
:10745000807F01D30120704710B44FF0E023074C28
:1074600058614FF0F00C84F823C000220721104629
:107470009A615DF8044B1961704700BF00ED00E0B0
:107480002DE9F04FA74A0B68904285B04FF00002FB
:107490004FF0010B00F0D080DFF898E28A4603E05D
:1074A0000132102A00F083800BFA02F101EA030690
:1074B0009943F5D1DAF8044004F0030C5100032598
:1074C0000CF1FF378D40012F6FEA050572D9BCF131
:1074D000030F08D0C76807EA0508DAF808708F407C
:1074E00047EA0807C76007680CFA01F13D402943E5
:1074F00014F4403F0160D3D08B4D00210391696C9F
:1075000041F480416964696C01F4804103910399FD
:1075100022F0030101F1804101F59C3102F00307E3
:107520008D68BF004FF00F0C0CFA07FC25EA0C0821
:107530007E4DA84279D07E4DA84200F04E81DFF802
:10754000F8C1604500F05081DFF8F0C160450CBF24
:107550004FF0040C4FF0070C0CFA07F748EA070548
:107560008D60DEF80810F543E70254BF294031432F
:10757000CEF80810DEF80C10A70254BF29403143A2
:10758000CEF80C10DEF80410A70354BF2940314395
:10759000CEF80410DEF80010E40302F1010254BF3B
:1075A00029403143102ACEF800107FF47DAF05B09A
:1075B000BDE8F08F876807EA0508DAF80C708F409D
:1075C00047EA08078760476827EA0608C4F30017F8
:1075D000974047EA08074760C76807EA0508DAF8EE
:1075E00008708F4047EA0807BCF1020FC7607FF4BC
:1075F0007AAF4FEAD20900EB890902F00708D9F8FF
:1076000020700097DAF810704FEA880807FA08F738
:1076100001970F2707FA08F8009F27EA0808019F3B
:1076200047EA0807C9F820705DE74FF0010C0CFA33
:1076300007F748EA070593E7DFF8ECA002E001321C
:10764000102AB4D00BFA02F403EA04079C43F6D1E3
:107650004D685400032606FA04FC05F003096FEA9E
:107660000C0809F1FF3CBCF1010F69D9B9F1030F16
:107670000AD0D0F80CE08E6808EA0E0E06FA04FC78
:107680004CEA0E0CC0F80CC0D0F800C009FA04F4A3
:107690000CEA080C44EA0C0415F4403F0460CED018
:1076A00000240394DAF8444044F48044CAF8444087
:1076B000DAF8444004F480440394039C22F0030469
:1076C00004F1804404F59C3402F0030CD4F808E083
:1076D0000F264FEA8C0C06FA0CFC2EEA0C0CC4F8B0
:1076E00008C0144CEE02A4686FEA070C73D404EAD5
:1076F0000C04104EB460F468AE026AD404EA0C04C0
:107700000C4EF4607468AE0361D404EA0C04094EB4
:10771000ED037460346858D404EA0C04054D2C6001
:107720008DE700BF00000240003802400004024024
:1077300000080240003C0140000C024000100240E2
:10774000D0F808E0CE6808EA0E0E06FA04FC4CEA0F
:107750000E0CC0F808C0D0F804E0C5F3001C2EEAF7
:10776000070E0CFA02FC4CEA0E0CC0F804C0D0F86C
:107770000CE08E6808EA0E0E06FA04FC4CEA0E0CC9
:10778000B9F1020FC0F80CC07FF47EAF4FEAD20C03
:107790004FEA8C0C0CF1804C0CF5003C02F0070E0B
:1077A000DCF8206000960E694FEA8E0E06FA0EF69F
:1077B00001960F2606FA0EFE009E26EA0E0E019E88
:1077C00046EA0E0ECCF820E05EE73C43A6E73C43D9
:1077D0009DE73C4394E73C438BE74FF0020C0CFAE7
:1077E00007F748EA0705BBE64FF0030C0CFA07F76A
:1077F00048EA0705B4E600BF00690840003818BF32
:107800000120704702B909048161704730B54D1CF1
:1078100083B0044622D1036802E05A69520505D4B8
:107820005A699107F9D5002003B030BD1A6842F4B7
:1078300000721A6000216FF4806020225861216379
:1078400084F83D2084F83E10236C43F00403236445
:107850000023012084F83C3003B030BD0D460168A0
:10786000E5B14869019280070B46DCD449694A05B5
:10787000DCD4FFF739FB019A2168831A9D42F0D2CC
:107880004B699807EDD400232022236384F83D2020
:1078900084F83E30236C13432364D9E74A69900788
:1078A0000B46C0D44A695205C0D4FFF71DFB2168BE
:1078B0004B699D07F2D4E6E72DE9F04F056898463D
:1078C0002B6883B043F480632B602B68DDF8309025
:1078D000DDF834A043F48073B9F1FF3F06468B46D0
:1078E00017462B6027D0B9F1000F3AD06B69DC073F
:1078F00000F1A380FFF7F8FAA0EB0A039945356879
:10790000F4D26B69D807F1D400222023326386F8C1
:107910003D3086F83E20336C86F83C2043F020034F
:1079200033642B68DF0502D54FF400733364032002
:1079300003B0BDE8F08F6B69D90702D46C69E20728
:10794000FCD50BF0FE032B6152464FF0FF31304661
:107950005FFA8BFBFFF75AFF78B1012003B0BDE857
:10796000F08F6969C94311F001013CD0FFF7BCFAFF
:1079700035686B69DB07F4D4C6E70190306843696A
:10798000019383690193019B43691B0679D4436981
:107990005B050FD443691D06F9D5B8F1010F00F05E
:1079A00092803B0A036143691A0600F18C804369A7
:1079B0005905F8D500236FF48061202241613363BB
:1079C00086F83D2086F83E30336C43F00403336480
:1079D000336C0022042B86F83C20BED1036843F4AC
:1079E00000730360B9E70BF0FE032B61524630468B
:1079F0005FFA8BFBFFF70AFF0028AED101903068D9
:107A00004369019383690193019B4369190600F15E
:107A1000888043695A05CDD4FFF766FA3068436918
:107A20001C06F2D400232022336386F83D2086F81A
:107A30003E30336C13433364CAE70BF0FE032B6113
:107A40005246494630465FFA8BFBFFF7DFFE0028BF
:107A500083D1019030684369019383690193019B4D
:107A600043691D0632D443695C05A3D4FFF73CFA91
:107A7000A0EB0A0399453068F2D243691906EFD4A6
:107A8000D0E7B8F1010F8CD1FFB2076143691A0644
:107A900003D506E043691C0603D44369590589D41C
:107AA000F8E7036843F4807303604369DD07FCD59E
:107AB0004BF00103036152464946304603B0BDE82E
:107AC000F04FFFF7A3BEFFB20761E3E7B8F1010F84
:107AD00013D03B0A036143691B060ED443695D055D
:107AE0003FF568AFFFF700FAA0EB0A03994530684D
:107AF000F1D243691C06EED494E7FFB207614369F3
:107B00001B0621D443695F053FF554AFFFF7ECF93D
:107B1000A0EB0A0399453068F1D243691D06EED403
:107B200080E7B8F1010F32D03B0A036143691D06BB
:107B30002DD443695C053FF53DAFFFF7D5F93068BB
:107B400043691B06F2D46DE7036843F48073036056
:107B50004369DB07ACD4FFF7C7F9A0EB0A039945EB
:107B60003068F5D24369DF07F2D400222023326364
:107B700086F83D3086F83E20336C86F83C2043F092
:107B8000200333640368D9053FF5CEAECFE6FFB2DC
:107B90000761436919060AD443695A053FF50AAFDC
:107BA000FFF7A2F9306843691A06F2D43AE703688E
:107BB00043F4807303604369DA073FF579AFFFF759
:107BC00093F930684369DC07F5D4CEE72DE9F0433B
:107BD000056883B099460A9C2B68904643F48073ED
:107BE000621C06460F462B6026D0002C38D06B69ED
:107BF000DB0700F1A280FFF777F90B9B3568C31A0A
:107C00009C42F4D26B69D807F1D40022202332635E
:107C100086F83D3086F83E20336C86F83C2043F0F1
:107C2000200333642B68DF0502D54FF400733364FF
:107C3000032003B0BDE8F0836B69D90702D46C69F7
:107C4000E207FCD507F0FE070B9A2F614FF0FF31DA
:107C50003046FFF7DBFD78B1012003B0BDE8F083CB
:107C60006969C94311F0010140D0FFF73DF935685A
:107C70006B69DB07F4D4C8E7316801904B69019365
:107C80008B690193019B4B691B061BD44B695B05F8
:107C9000F9D500236FF4806020224861336386F8B1
:107CA0003D2086F83E30336C43F004033364336C7C
:107CB0000022042B86F83C20CED10B6843F40073DD
:107CC0000B60C9E7B9F1010F09D04FEA18230B6126
:107CD0004B691A0603D44B695F05DAD4F8E75FFAFB
:107CE00088F300200B6103B0BDE8F08307F0FE07C6
:107CF0000B9A2F613046FFF789FD0028ACD131681F
:107D000001904B6901938B690193019B4B691D069F
:107D100035D44B695C05BCD4FFF7E6F831684B6994
:107D20001F06F3D400232022336386F83D2086F813
:107D30003E30336C13433364B9E707F0FE070B9A08
:107D40002F6121463046FFF761FD002884D131685C
:107D500001904B6901938B690193019B4B691D064F
:107D600021D44B69580594D4FFF7BEF80B9B3168BA
:107D7000C31A9C42F2D24B691A06EFD4D2E7B9F18A
:107D8000010FACD04FEA18230B614B691C06A6D437
:107D90004B6958053FF57DAFFFF7A6F831684B6991
:107DA0001D06F2D4BEE7B9F1010F98D04FEA1823AF
:107DB0000B614B69180692D44B695A053FF569AFC0
:107DC000FFF792F80B9B3168C31A9C42F1D24B69C2
:107DD0001B06EED4A6E700BF002800F0BA8070B5FD
:107DE00090F83D30044603F0FF02002B00F09D8028
:107DF0002368242284F83D201A6822F001021A60C8
:107E00001A6842F400421A601A6822F400421A60AA
:107E100001F0FCFF504B65689D4227D84F4B9842BC
:107E200027D94F4B6A00A3FB0035431EB3FBF2F387
:107E30002268516821F03F0141EA95415160116A81
:107E40004FEA954C0CF1010C21F03F0141EA0C0185
:107E50001162D16940F6FC70013321F44F410342B5
:107E600021F0FF0171D0C3F30B0334E03D4B984286
:107E700001D8012070BD2268394B3B4EA3FB003C6A
:107E8000431E506820F03F0040EA9C4050604FEA9B
:107E90009C414FF4967000FB01F1A6FB0161106A52
:107EA000890920F03F00013101431162D169A068C6
:107EB00021F44F4121F0FF0100283BD005EB85055F
:107EC00005EB8505B3FBF5F30133C3F30B03002B7F
:107ED0003DD043F440430B43D361D4E907301168EC
:107EE000034321F0C0010B4313609168D4E90303FD
:107EF00021F40341034321F0FF010B439360D4E9D4
:107F00000530D168034321F0FF010B43D3601168B2
:107F1000002341F0010120201160236484F83D001A
:107F2000236384F83E30184670BD80F83C20FDF78E
:107F30003FFC5DE705EB4505B3FBF5F30133C3F308
:107F40000B0323B143F40043C5E70423C3E7012334
:107F5000C1E70120704700BFA08601007F841E009A
:107F600083DE1B43FF083D00D34D62102DE9F0472F
:107F7000044682B09946BDF82CA00C9E0F46904650
:107F8000FEF7B2FF94F83D30202B04D0022738468C
:107F900002B0BDE8F087D4F800C00546DCF8183020
:107FA0009A0719D5FEF7A0FF401B1928D4F800C086
:107FB000F4D9DCF81830DB4313F00203EED12022B1
:107FC000236384F83D2084F83E30226C84F83C30F2
:107FD00042F020022264D9E794F83C30012BD5D03E
:107FE000012384F83C30DCF80030DB0740F190805E
:107FF000DCF8000020F40060CCF800000A98606211
:108000002120CDE9006584F83D00402084F83E0041
:1080100000202064A4F82AA0608D20855F48E062DB
:1080200039464B4642462046FFF7D0FD0746F8B991
:10803000228D2368002A35D0701C4ED15A69110652
:108040001BD45A695005F9D500226FF480602021B5
:108050005861226384F83D1084F83E20226C42F07F
:1080600004022264226C0021042A84F83C1056D0B9
:108070000127384602B0BDE8F087D4F824C0B4F830
:1080800028E061460EF1FF3011F8012B1A61628D74
:108090006162013A92B2628582B2586922854107D3
:1080A00017D542B9721C59D15A69560749D45A6931
:1080B0005505C9D4F8E79CF8011019610CF10201CB
:1080C0006162618DAEF10202013992B289B22285FC
:1080D0006185002AE6D0701CB0D02EB35A69110613
:1080E000CBD45A695205AFD4FEF7FEFE421B96422E
:1080F0002368F3D25A691006F0D4002220212263AB
:1081000084F83D1084F83E20226C0A432264A9E7DB
:10811000DCF8003043F00103CCF8003068E71A685F
:1081200042F400721A60A3E75A691206A5D45A698C
:10813000500589D4FEF7D8FE23685A691106F3D496
:10814000DBE71A68002142F4007220201A6084F8EC
:108150003D0084F83C1084F83E1018E786B15A6957
:108160005007EED45A6951053FF56EAFFEF7BCFEDD
:10817000421B96422368F2D25A695207EFD4BCE7F9
:108180005A695107DDD45A6952053FF55DAFFEF7D4
:10819000ABFE23685A695007F2D4AEE70000FFFF38
:1081A0002DE9F047044686B09946BDF83CA0109DE5
:1081B0000F469046FEF798FE94F83D30202B04D0F1
:1081C0000227384606B0BDE8F087D4F800C006465E
:1081D000DCF818309B0719D5FEF786FE801B19289E
:1081E000D4F800C0F4D9DCF81830DB4313F00203F4
:1081F000EED12022236384F83D2084F83E30226CA7
:1082000084F83C3042F020022264D9E794F83C30F4
:10821000012BD5D0012384F83C30DCF80030D8079E
:1082200062D5DCF8000020F40060CCF800000E9865
:1082300060622220CDE9005684F83D00402084F899
:108240003E0000202064A4F82AA0608D2085984874
:10825000E06239464B4642462046FFF72DFB074673
:1082600000283CD1228D2368002A44D102905A690B
:1082700002929A690292029A1A6842F400721A6093
:108280000023202284F83D2084F83C3084F83E30DE
:1082900097E75A69510600F1E280002D00F0DB807B
:1082A0000CE0FEF721FE801B8542236802D25A694A
:1082B000510644D55A69520600F1D1805A69D00658
:1082C000EFD500226FF0100020215861226384F85E
:1082D0003D1084F83E20236C236484F83C20012761
:1082E000384606B0BDE8F087DCF8003043F0010303
:1082F000CCF8003095E7012A00F03981022A00F01D
:108300009180059059690591996905910599032A0C
:10831000BFD8012A00F00081022A00F0CB80681C3F
:108320001CD0002D69D05A6951071AD4FEF7DCFD24
:10833000821B95422368F6D25A695207F3D4002271
:108340002023226384F83D3084F83E20236C84F897
:108350003C2043F0200323640127C1E75A695007FA
:10836000FCD51A68616A22F480621A601B690B707E
:10837000638D616A228D013B013A01319BB2681C19
:1083800022856162226863850FD0002D3FD053693A
:10839000590700F1EA80FEF7A7FD831B9D42226882
:1083A000F5D253695B07F2D4C9E753695807FCD586
:1083B000136843F40073136013690B70638D228D8F
:1083C000606A2168013B9BB263850969531E00F115
:1083D000010C2385C4F824C04170228D638D616A2D
:1083E000013A013B013192B29BB261622285638501
:1083F000002A3FF445AF236889E75A695207B0D491
:10840000FEF772FD23685A695107F6D497E753695E
:108410005B0700F1AA80FEF767FD226853695907E0
:10842000F5D48CE7196821F480611960196841F46A
:108430000061196004905969049199690491049943
:1084400065E7FEF751FD23685A6951067FF577AF5E
:108450005A69520603D45A69D006F2D531E7626AE6
:108460001B691370638D2168228D606A013B9BB28A
:1084700063854B69013A92B200F1010C5B072285DA
:10848000C4F824C0B4D5032A03D10B6823F4806355
:108490000B600B694370636A228D01336362638DE5
:1084A000013A013B92B29BB222856385A0E700BFEF
:1084B0000000FFFF681C0DD025B35A6951070CD48A
:1084C000FEF712FD821B95422368F6D25A695207C5
:1084D000F3D434E75A695007FCD51A6842F40072A5
:1084E0001A601A69636A1A70638D626A013B9BB2F3
:1084F0006385238D013B23852368511C1B696162C1
:108500005370C8E75A695207E7D4FEF7EDFC2368B9
:108510005A695107F6D412E75A69520621D4E5B1D7
:108520000CE0FEF7E1FC801B8542236803D25A6908
:1085300051067FF504AF5A69520612D45A69D00623
:108540003FF5BFAEEDE7FEF7CFFC23685A69510651
:108550007FF5F5AE5A69520603D45A69D006F2D5B2
:10856000AFE61A69636A1A7095E7616A20E71968CD
:1085700021F480611960039059690391996903910D
:108580000399196841F400711960C0E630B583B0F1
:1085900008B390F895340568044603F0FF02002BF9
:1085A00000F0EF8128460323B5F1A04F84F89534FD
:1085B00004BF0023A37102F0E9FD237C8DF8003095
:1085C000251D95E80E00206802F0CAFC014630B176
:1085D000022384F895340125284603B030BD206875
:1085E00002F0DCFD0028F3D12279002A00F0B381EB
:1085F0004FF48073012AC4E90700A382E085207646
:10860000606200F0C48140F201132387022A4FF018
:108610000103C4E91000A4F8523084F83C00A064BF
:1086200000F0E2804FF48173A4F85C30032A4FF02D
:108630000203C4E91900A4F8763084F86000E0660B
:1086400000F0D28040F20313A4F88030042A4FF0E7
:108650000303C4E92200A4F89A3084F88400C4F823
:10866000900000F0C1804FF48273A4F8A430052A72
:108670004FF00403C4E92B00A4F8BE3084F8A8002E
:10868000C4F8B40000F0B08040F20513A4F8C8307C
:10869000062A4FF00503C4E93400A4F8E23084F858
:1086A000CC00C4F8D80000F09F804FF48373A4F886
:1086B000EC30072A4FF00603C4E93D00A4F8063168
:1086C00084F8F000C4F8FC0000F08E8040F207113E
:1086D0000023A4F81011082A4FF00701C4E946331B
:1086E000A4F82A1184F81431C4F820317CD04FF456
:1086F0008471A4F83411092A4FF00801C4E94F33FA
:10870000A4F84E1184F83831C4F844316CD040F2EA
:108710000911A4F858110A2A4FF00901C4E9583385
:10872000A4F8721184F85C31C4F868315CD04FF45D
:108730008571A4F87C110B2A4FF00A01C4E961335A
:10874000A4F8961184F88031C4F88C314CD040F2F2
:108750000B11A4F8A0110C2A4FF00B01C4E96A33E5
:10876000A4F8BA1184F8A431C4F8B0313CD04FF465
:108770008671A4F8C4110D2A4FF00C01C4E97333BB
:10878000A4F8DE1184F8C831C4F8D4312CD040F2FA
:108790000D11A4F8E8110E2A4FF00D01C4E97C3345
:1087A000A4F8021284F8EC31C4F8F8311CD04FF46C
:1087B0008771A4F80C120F2A4FF00E01C4E985331B
:1087C000A4F8261284F81032C4F81C320CD040F2FF
:1087D0000F11C4E98E33A4F830120F21A4F84A1205
:1087E00084F83432C4F8403200230121022AC4E95B
:1087F0009733C4E9A033A4F8543284F85832C4F84B
:108800006432A4F8781284F87C32C4F8883200F01C
:10881000A2800221032AC4E9A933A4F89C1284F897
:10882000A032C4F8AC3200F096800321042AC4E9D7
:10883000B233A4F8C01284F8C432C4F8D03200F0C5
:108840008A800421052AC4E9BB33A4F8E41284F821
:10885000E832C4F8F4327ED00521062AC4E9C433D4
:10886000A4F8081384F80C33C4F8183373D0062125
:10887000072AC4E9CD33A4F82C1384F83033C4F8A4
:108880003C3368D00721082AC4E9D633A4F8501332
:1088900084F85433C4F860335DD00821092AC4E950
:1088A000DF33A4F8741384F87833C4F8843352D0D7
:1088B00009210A2AC4E9E833A4F8981384F89C3300
:1088C000C4F8A83347D00A210B2AC4E9F133A4F82D
:1088D000BC1384F8C033C4F8CC333CD00B210C2A31
:1088E000C4E9FA33A4F8E01384F8E433C4F8F033AD
:1088F00031D00C210D2AA4F8041484F80834C4F8EB
:108900000C34C4F81034C4F8143424D00D210E2AC9
:10891000A4F8281484F82C34C4F83034C4F834345F
:10892000C4F8383417D00E210F2AA4F84C1484F858
:108930005034C4F85434C4F85834C4F85C340AD001
:108940000F22A4F8702484F87434C4F87834C4F87E
:108950007C34C4F88034207C95E80E008DF800004B
:10896000206802F053FC054600287FF431AE012355
:108970006074206884F8953403F096F8284603B0B4
:1089800030BD80F89424FEF70BF920680BE6C4E9AB
:108990009700A4F8540284F85802C4F86402DAE795
:1089A00010B590F89434012B0446006817D00123C9
:1089B00084F89434C3685B0602D5637B012B09D02D
:1089C00002F0DCFB206803F05FF8002384F89434A5
:1089D000184610BD836B43F480338363F0E70220B5
:1089E00010BD00BF2DE9F04F066889B0044630463F
:1089F00003F096F810B109B0BDE8F08F0546206885
:108A000003F062F80028F6D0D6F808382068C3F3DF
:108A10000D23C4F8D43406F50063039303F054F82F
:108A20008107236803D55A6902F002025A61184689
:108A300003F04AF8C206236814D59A6922F010029E
:108A40009A61376A07F4F012B2F5802F07F00F0829
:108A500000F0CE83B2F5402F00F01A839A6942F0FD
:108A600010029A61184603F02FF8070300F1708294
:108A7000206803F029F810F4802F206840F00D8260
:108A800003F022F80028C0F28181206803F01CF86E
:108A9000020500F13E81206803F016F80346DF046A
:108AA000206800F19D8103F00FF803469D042068C3
:108AB00000F17F8103F008F8000700F1E5812068EC
:108AC00003F002F8010671D5B36923F08003B361A6
:108AD0002379012B6AD994F87B22012A00F0F483D0
:108AE000022B63D994F89F22012A00F00884032BFB
:108AF0005CD994F8C322012A00F0C382042B55D913
:108B000094F8E722012A00F0D682052B4ED994F87A
:108B10000B23012A00F02F84062B47D994F82F232A
:108B2000012A00F03C84072B40D994F85323012AF2
:108B300000F04E84082B39D994F87723012A00F0ED
:108B40005F84092B32D994F89B23012A00F06C84AE
:108B50000A2B2BD994F8BF23012A00F079840B2B20
:108B600024D994F8E323012A00F086840C2B1DD924
:108B700094F80724012A00F087840D2B16D994F865
:108B80002B24012A00F0A3840E2B0FD994F84F2434
:108B9000012A00F0AA840F2B08D994F87334012B12
:108BA00004D1206804F58E6102F07CFE206802F09A
:108BB0008BFFC20240F1AB802379012B40F2898008
:108BC00094F83C20D6F82019012A00F02382022BC9
:108BD0007FD994F86020D6F84019012A00F02D8240
:108BE000032B76D994F88420D6F86019012A00F076
:108BF0003082042B6DD994F8A820D6F88019012A68
:108C000000F03382052B64D994F8CC20D6F8A01953
:108C1000012A00F04D83062B5BD994F8F020D6F89A
:108C2000C019012A00F05F83072B52D994F8142150
:108C3000D6F8E019012A00F06A83082B49D994F884
:108C40003821D6F8001A012A00F06D83092B40D98B
:108C500094F85C21D6F8201A012A00F078830A2BB8
:108C600037D994F88021D6F8401A012A00F08B8376
:108C70000B2B2ED994F8A421D6F8601A012A00F003
:108C80009B830C2B25D994F8C821D6F8801A012A89
:108C900000F0AA830D2B1CD994F8EC21D6F8A01A69
:108CA000012A00F0B5830E2B13D994F81022D6F8C0
:108CB000C01A012A00F0C0830F2B0AD994F834227D
:108CC000D6F8E01A012A00F0CB83102B01D9D6F890
:108CD000003B2068436903F48013436102F0F4FE13
:108CE000830221D4206802F0EFFE400000F1C3802F
:108CF000206802F0E9FE41077FF57DAE23685D68DC
:108D00006A0700F196825A682A435A6073E620681F
:108D1000E4E7039B9B68DB0700F1878220684369D7
:108D200003F400634361B7E694F804C0BCF1010F9B
:108D300026D906F532622346012106E0013161455C
:108D400002F1200203F124031AD093F87C02156883
:108D50000128F3D1002DF1DAD4F8D47487EA15474D
:108D6000FF07EBD483F87B02B06940F08000B0616C
:108D700070690506E2D4039A536843F400735360A4
:108D80002068436903F400134361ACE7039A536816
:108D900023F00103536094F8CC34012B00F046819A
:108DA0002046FDF787FF2068436903F000434361D5
:108DB0006CE602F0B9FE206802F0A8FBE0712568BD
:108DC00001F01EF8E2790146284602F05DF92046DE
:108DD000FDF746FF2068436903F40053436169E6E9
:108DE000039A536823F001035360102102F066FBDD
:108DF0002079D8B106F510634FF67F3199601A6873
:108E000022F400121A60C3F80812D3F8002222F4E8
:108E10000012C3F80022D3F80022013542F00062AC
:108E20008542C3F8002203F12003E7D1039AD369F6
:108E300043F00113D361E37B002B40F0E0805369E2
:108E400043F4005343F02B035361136943F00B03C6
:108E50001361D6F80038206823F4FE63C6F80038A2
:108E6000A17904F29C4202F06FFE2068436903F48A
:108E70008053436117E62046FDF728FF20684369C9
:108E800003F08043436134E72046FDF7E5FE2068A8
:108E9000436903F00803436112E602F021FE8146B4
:108EA0002068B9F1000F3FF4EBAD0495A04606F53C
:108EB00010674FF0000A254619F0010F0AD14FEA5A
:108EC000590919F0010F0AF1010A08F1240807F104
:108ED0002007F4D05FFA8AF4214602F011FE10F068
:108EE000010F834612D0039B01205A6B0AF00F0139
:108EF00000FA01F122EA01025A63B860A9798142BD
:108F000000F09C8121462846FDF79CFE1BF0080FCF
:108F10001CBF0823BB601BF0100F1CBF1023BB60DD
:108F20001BF0400F1CBF4023BB601BF0020F40F042
:108F300053811BF0800F40F0FA8028685FEA5909DE
:108F400000F0C0800AF1010A08F124082037B3E7D5
:108F5000206802F0BDFD074600283FF489AD06F504
:108F60003069A3464FF0000AF80708D47F08F807D5
:108F70000AF1010A09F120090BF1240BF6D55FFA79
:108F80008AF320680493194602F0B2FD10F0010F35
:108F9000804640F0AC8018F0080F40F0968018F042
:108FA000100F1CBF1022C9F8082018F0020F0FD0B4
:108FB0007269110604D5039B5A6842F480625A60B4
:108FC0009BF85722012A00F086810223C9F8083055
:108FD00018F0200F1CBF2023C9F8083018F4005FD8
:108FE0001CBF4FF40053C9F808307F083FF440AD70
:108FF0000AF1010A09F120090BF1240BB4E7D2F8B8
:10900000843043F00B03C2F88430536C43F00B03FD
:1090100053641EE70029BFF6DAAD214684F83B20F1
:1090200051F8380B02F03EFC2379D0E5002184F89A
:10903000CC14204600F02AFCB5E60029BFF6D0ADDE
:10904000214684F85F2051F85C0B02F02BFC237959
:10905000C6E50029BFF6CDAD214684F8832051F83E
:10906000800B02F01FFC2379C3E50029BFF6CAADCF
:10907000214684F8A72051F8A40B02F013FC2379B1
:10908000C0E5206804F5307102F00CFC237935E569
:10909000082204F29C41304608EBC80802F062FC4A
:1090A00004EB8802C7F30A13D2F868120B44C2F823
:1090B00068322368D2E4206804F5397102F0F2FBCB
:1090C000237922E52C46049DDAE421680822C9F8B8
:1090D0000820086C01F53062C14902EB4A1288424F
:1090E000936800F2BE802046FDF79CFD57E720689C
:1090F0000122C9F80820A179D0F840E000F53062DB
:1091000002EB4A120129936800F0BD80B5498E45F3
:1091100000F01581BAF1000F04D1D4F86422002ABE
:1091200000F0DD8104992046FDF782FD33E7D8E9A0
:1091300009329A4228683FF601AFD8F81C10079010
:1091400000F5106CA3EB020B0CEB4A1C594528BF31
:109150005946DCF818B003311FFA8BFBBBEB910FBB
:10916000C0F0A280CDE905698346E14622E09B1A62
:10917000D8F81C20934228BF13461E46AB790093B3
:10918000D8F82010B3B22246584602F0D5FBD8F8E2
:109190002820D8F820303244C8F82820D9F81810F0
:1091A000334489B20336B1EB960FC8F82030D8F8B3
:1091B000243076D39342DAD8DDE905692868079B25
:1091C0000AF00F0CD3F83418012404FA0CF421EA45
:1091D0000401C3F83418B1E65146304602F06EF986
:1091E00098F81720012A00F0BE800222BA60A0E69B
:1091F00047F6F07217423FF431AC08EBC80804EBB5
:109200008808C7F30A12D8F860123046174602F0F1
:10921000A9FBD8F860323B44C8F86032D8F868320D
:109220003B44C8F86832236818E42046FDF72AFD5D
:1092300074E52046FDF74EFD236864E5D8E9070292
:109240000244C8F82020BAF1000F7FF45BAE6A6ACE
:10925000002A7FF457AE286805F29C4202F074FCA5
:1092600050E6180444BF4FF4004191602046FDF7DA
:10927000D9FCA17901297FF492AE206804F29C42C6
:1092800002F062FC8BE6190740F1918054498E454B
:109290007FF681AE18047FF57EAE4FF400419160F9
:1092A00079E6DDE90569286893423FF647AE86E72F
:1092B0000029BFF6B0AC214684F8CB2051F8C80B8A
:1092C00002F0F0FA2379A6E4206804F51E7102F09A
:1092D000E9FA237904E4002204998BF85722204606
:1092E000FDF7ECFC71E60029BFF69EAC214684F840
:1092F000EF2051F8EC0B02F0D5FA237994E42068C2
:1093000004F5277102F0CEFA2379FFF7F0BB0029AC
:10931000BFF693AC206884F8132104F5887102F03D
:10932000C1FA237989E40029BFF690AC206884F85B
:10933000372104F59A7102F0B5FA237986E419040D
:10934000ABD49B067FF5EEAE20219160EAE60029C2
:10935000BFF685AC206884F85B2104F5AC7102F09F
:10936000A1FA23797BE4002288F8172021462846B9
:10937000FDF7A8FC39E7206804F5427102F092FA83
:109380002379FFF7C9BB0029BFF672AC206884F8C7
:109390007F2104F5BE7102F085FA237968E4206824
:1093A00004F54B7102F07EFA2379FFF7BCBB9906F6
:1093B00072D520219160EEE50029BFF662AC2068ED
:1093C00084F8A32104F5D07102F06CFA237958E4F3
:1093D000206804F5547102F065FA2379FFF7AABBFF
:1093E0000A30544F0A31544F0029BFF653AC20685D
:1093F00084F8C72104F5E27102F054FA237949E4B4
:10940000206804F55D7102F04DFA2379FFF799BBEE
:109410000029BFF648AC206884F8EB2104F5F4710C
:1094200002F040FA23793EE4206804F5667102F008
:1094300039FA2379FFF78CBB0029BFF63DAC2068D1
:1094400084F80F2204F5037102F02CFA237933E437
:10945000206804F56F7102F025FA2379FFF77FBBCE
:109460000029BFF632AC206884F8332204F50C7171
:1094700002F018FA237928E4206804F5787102F0E4
:1094800011FA2379FFF772BB206804F2044102F05D
:1094900009FA2379FFF771BB1B498E4502D91B04DA
:1094A0003FF5FBAE1169DBF87422C1F31201521AC9
:1094B000CBF86822BAF1000F7FF434AED4F864120E
:1094C000D9B1D4F860121144C4F860122AE62068B9
:1094D00004F5856102F0E6F92379FFF755BB04F244
:1094E0009C42514602F030FB1CE6206804F24C41DD
:1094F00002F0D8F92379FFF74EBB04F29C42012118
:1095000002F022FB0EE600BF0A30544F90F894247C
:10951000012A0DD010B504460122006884F8942475
:10952000617402F0A1FA002384F89434184610BD47
:109530000220704710B501F00F0E0EEBCE0C4FEA73
:109540008C0C09060446604423D40CF515714FF0C9
:10955000000C214480F855C2C2F30A028A604A789E
:1095600081F800E00B710AB1A1F81AE0022B04BFE8
:1095700000234B7194F89434012B12D0012384F80A
:109580009434206801F0CEFF002384F89434184608
:1095900010BD0CF114014FF0010C214480F815C0EE
:1095A000DAE7022010BD00BF01F00F0202EBC20398
:1095B0009B00090610B50446184416D403F515732C
:1095C000E1184FF0000C80F855C20A7094F89434FA
:1095D000012B15D0012384F89434206801F0EAFFB0
:1095E000002384F89434184610BD1433E1184FF06A
:1095F000010C80F815C00A7094F89434012BE9D15D
:10960000022010BD01F00F0101EBC10C10B54FEAB3
:109610008C0C00EB0C0E1446CEF8643200238EF84E
:1096200054128EF85532CEF86022CEF86832827924
:109630000CF51571012A014408BFCEF8704200688C
:1096400002F01AF8002010BD01F00F0101EBC1017A
:1096500000EB8100D0F86802704700BF01F00F01F5
:1096600001EBC10C4FEA8C0C10B500EB0C0E14464C
:10967000CEF824300023CEF8283001238EF81410C1
:109680008EF81530CEF8202082790CF114019A4220
:10969000014408BFCEF83040006801F0EDFF002023
:1096A00010BD00BF38B5037901F00F05AB422ED3D2
:1096B0000B0604461AD401EBC1018900431801F5D9
:1096C00015710022014483F8552201238B700D701F
:1096D00094F894249A4218D0206884F8943402F0C4
:1096E00069F9B5B1002084F8940438BD05EBC501D3
:1096F000890043181431012201445A7501238B70EB
:109700000D7094F894249A42E6D1022038BD0120CD
:1097100038BDA179206804F29C4202F015FAE1E715
:1097200038B5037901F00F0293422BD302EBC20349
:109730009B0009060446184416D403F5157121440C
:109740000023002580F855328D700A7094F8943407
:10975000012B15D00123206884F8943402F058F9C5
:1097600084F89454284638BD03F1140121440123A0
:10977000002543758D700A7094F89434012BE9D15B
:10978000022038BD012038BD00681204436A19B9AF
:10979000134383620020704710B5846A013903EBDC
:1097A000144367D0D0F80441012903EB144361D07E
:1097B000D0F80841022903EB14435BD0D0F80C41E8
:1097C000032903EB144355D0D0F81041042903EBCF
:1097D00014434FD0D0F81441052903EB144349D06A
:1097E000D0F81841062903EB144343D0D0F81C41AC
:1097F000072903EB14433DD0D0F82041082903EB9F
:10980000144337D0D0F82441092903EB144331D055
:10981000D0F828410A2903EB14432BD0D0F82C416F
:109820000B2903EB144325D0D0F830410C2903EB6E
:1098300014431FD0D0F834410D2903EB144319D041
:10984000D0F838410E2903EB144313D0D0F83C4133
:109850000F2903EB14430DD04FF00F0C0CF1400E09
:1098600000EB8E0E0CF1010CDEF804408C4503EB8E
:109870001443F3D300EB81011A43C1F80421002003
:1098800010BD00BF0368002059627047704700BFD9
:10989000002800F06A812DE9F0410368DD0782B0FD
:1098A00004462FD59F498A6802F00C02042A00F072
:1098B000EF808A6802F00C02082A00F0E5806368F5
:1098C000B3F5803F00F0EE80B3F5A02F00F0798172
:1098D000944D2A6822F480322A602A6822F4802279
:1098E0002A60002B40F0E380FDF7FEFA064605E013
:1098F000FDF7FAFA801B642800F203812B689F03AE
:10990000F6D423689D0728D5864A916811F00C0F7C
:1099100000F09280916801F00C01082900F0888025
:10992000E368002B00F010817F4B7E4E01221A600D
:10993000FDF7DAFA054605E0FDF7D6FA401B0228E6
:1099400000F2DF8033689F07F6D53368226923F081
:10995000F80343EAC203336023681A0753D45D0750
:1099600030D5704A136C13F0805300F081800025CD
:109970006E4E3368D80540F1B480A368012B00F027
:10998000C480052B00F02D81664E326F22F001025B
:109990003267326F22F004023267002B40F0BA8047
:1099A000FDF7A2FA41F28838074605E0FDF79CFA78
:1099B000C01B404500F2A580336F9B07F6D4002DF5
:1099C00040F00981A369D3B1564DAA6802F00C0298
:1099D000082A00F0CC80022B534B4FF000021A668D
:1099E00000F00981FDF780FA044605E0FDF77CFAF6
:1099F000001B022800F285802B689B01F6D4002012
:109A000002B0BDE8F08163690BB3474B454E0122BC
:109A1000C3F8802EFDF768FA054604E0FDF764FA06
:109A2000401B02286DD8736F9B07F7D5236896E714
:109A3000526851023FF574AF3A4A1268920744D512
:109A4000E268012A41D0012002B0BDE8F081364A27
:109A5000344EC2F8803EFDF747FA054604E0FDF7B4
:109A600043FA401B02284CD8736F9F07F7D4DDE7F9
:109A70000193136C43F080531364136C03F0805311
:109A80000193019B012573E74A6851027FF517AFE7
:109A9000244A126892037FF535AF6268002A7FF48A
:109AA00031AFD0E71F4A136843F480331360FDF7EA
:109AB0001BFA1C4E054604E0FDF716FA401B64280D
:109AC0001FD833689B03F7D51BE7164920690A683E
:109AD00022F0F80242EAC0020A601A077FF53FAF9F
:109AE00091E7336843F480733360FDF7FDF907466F
:109AF0003368D9053FF541AFFDF7F6F9C01B0228E1
:109B0000F6D9032002B0BDE8F081064A136F43F096
:109B100001031367FDF7E8F9024F064641F2883862
:109B20000BE000BF003802400000474200700040D8
:109B3000FDF7DAF9801B4045E3D83B6F9A07F7D56C
:109B4000002D3FF43FAF46E0424A434E1360FDF71D
:109B5000CBF9054604E0FDF7C7F9401B0228D0D831
:109B600033689907F7D42368F7E601207047012B83
:109B70003FF469AF6B68E26903F4800191427FF4BE
:109B800062AF226A03F03F0191427FF45CAF616AE9
:109B900047F6C0721A40B2EB811F7FF454AFA26A3D
:109BA000520803F44031013AB1EB024F7FF44BAF5E
:109BB000E26A03F07063B3EB026F14BF0120002070
:109BC0001EE7254B1A6842F480221A601A6842F494
:109BD00080321A606BE7204A136C23F080531364C1
:109BE000F0E61D4B1A6F42F004021A671A6F42F03A
:109BF00001021A678EE7FDF777F9064605E0FDF7E3
:109C000073F9801B02283FF67CAF2B689901F6D4CC
:109C1000D4E90731626A0B4343EA8213D4E90A208C
:109C200052080C4943EA0063013A43EA0243012225
:109C30006B600A66FDF758F9074D044605E0FDF72D
:109C400053F9001B02283FF65CAF2B689A01F6D54A
:109C5000D5E600BF0000474200380240164908B56B
:109C60008B6803F00C03042B1BD0082B01D0134886
:109C700008BD4A684B68496813F4800302F03F024C
:109C800011D10E48C1F38811A1FB0001F6F700FBCA
:109C9000094B5B68C3F3014301335B00B0FBF3F096
:109CA00008BD074808BD0648C1F388110023A1FB81
:109CB0000001F6F7EDFAEBE7003802400024F4006B
:109CC00040787D01002800F08780484A136803F03F
:109CD00007038B422DE9F0410D46044609D2CBB271
:109CE0001370136803F007038B4202D00120BDE814
:109CF000F0812368980714D5590704D53C498A6830
:109D000042F4E0528A601A0704D539498A6842F45D
:109D100060428A603649A0688A6822F0F0020243F5
:109D20008A60DF0721D56268012A57D0931E012B74
:109D30002F4B1B684DD99907D8D52D4EB36823F00A
:109D400003031343B360FDF7CFF841F288380746A9
:109D500004E0FDF7C9F8C01B404544D8B368626809
:109D600003F00C03B3EB820FF3D1204A136803F026
:109D70000703AB4206D9EBB21370136803F0070375
:109D8000AB42B3D123685A0706D51949E0688A68FF
:109D900022F4E05202438A601B0707D5144A216966
:109DA000936823F4604343EAC1039360FFF756FFCF
:109DB0000F4A104C92681049C2F303120346A25C8A
:109DC0000E48D34000680B60FDF744F80020BDE862
:109DD000F0819801B1D489E701207047044B1B68DA
:109DE0009E03AAD482E7032081E700BF003C024023
:109DF0000038024070EA000870000020780000205F
:109E0000014B1868704700BF70000020044B0549E3
:109E10009B68054A0868C3F38223D35CD840704727
:109E2000003802407000002068EA00082DE9F04385
:109E300083B01F4614460A9E0D468046FDF754F82F
:109E40003E44361AFDF750F82D4B1A68C2F3CB3258
:109E500006FB02F201378146019213D0D8F8003098
:109E60009B6835EA03030CBF01230023A34213D0F0
:109E7000FDF73AF8A0EB0900B04211D2019B6BBB91
:109E80001E46EBE7D8F80020936835EA03030CBFC1
:109E900001230023A342F7D1002003B0BDE8F083E3
:109EA000D8E900315A68B1F5827F22F0E0025A60A9
:109EB00018D0D8F82820B2F5005F07D11A6822F42C
:109EC00000521A601A6842F400521A6001220023FC
:109ED00088F8512088F850300320DEE7019B013BD1
:109EE0000193BBE7D8F80820B2F5004F02D0B2F5D5
:109EF000806FDED11A6822F040021A60D9E700BFF5
:109F0000700000202DE9F04184B00F469046009289
:109F10000B46012202210446FFF788FF40BB194B84
:109F20001D68194BA3FB05356D0D4FF47A7303FBC8
:109F300005F563680395B3F5827F064607D10DE00A
:109F4000039B2168013B03938B681B0602D5039B8F
:109F5000002BF5D1304604B0BDE8F0810246CDF8C3
:109F600000803B4680212046FFF760FF0028F1D0AB
:109F7000636D032643F020033046636504B0BDE8FB
:109F8000F08100BF70000020819F5E1600285CD029
:109F900070B50446406A002847D00023C4E9043362
:109FA00094F851300022A26203F0FF01002B42D04E
:109FB00094462168A568A269266A022384F8513074
:109FC0000B6823F040030B60636805F4044503F459
:109FD00082732B43E56805F400652B43256905F082
:109FE00002052B43656905F001052B43E56906F081
:109FF000800E02F4007605F0380533432B43120C33
:10A0000000F0100043EA0E0302F0040243EA0C03DE
:10A0100002430B604A60CB69002023F400630122F5
:10A02000CB61606584F8512070BD6368B3F5827FB1
:10A03000B6D0E061B4E7204684F85010FBF7F0FB9F
:10A04000D4E9090303F4005CB3E70120704700BFC3
:10A050002DE9F041044682B01D460F469046FCF7BC
:10A0600043FF94F85130012B76D10646D8B2002F29
:10A070006FD0B8F1000F6CD094F85030012B6BD03A
:10A08000A26884F850002068276300230321B2F5FA
:10A09000004F84F85110C4E910336365A4F834808C
:10A0A000A4F83680A363A387E387014607D103683A
:10A0B00023F040030360036843F4804303600368B4
:10A0C0005B064DD5E3686268B3F5006F51D0002A96
:10A0D00040F08D803B780373E38E226B013B0132AD
:10A0E0009BB22263E386E38E9BB2BBB1681C74D142
:10A0F00023689A6891077FD5226B12781A73B4F897
:10A1000036C0236B0CF1FF3C1FFA8CFCA4F836C060
:10A11000E18E013389B223630029E9D13246294611
:10A120002046FFF7EFFE08B120236365A36833B92B
:10A1300022680193D368019393680193019B0123E3
:10A1400084F85130606D0023C01A84F8503018BF75
:10A15000012002B0BDE8F081022002B0BDE8F0812C
:10A160000368626843F040030360E368B3F5006F7F
:10A17000ADD1002A67D0B8F1010F64D0E38E9BB255
:10A18000002BCBD06B1C4ED183689F070FD5226B61
:10A1900032F8023BC360E38E2263013B9BB2E3864D
:10A1A000E38E9BB2002BB9D083689F07EFD4FCF7F6
:10A1B0009BFEE38E9BB2002BB0D02068E4E7226BBD
:10A1C00012781A73E38E226B013B01329BB2226339
:10A1D000E386E38E9BB2002BA0D023689A68920797
:10A1E000EDD4FCF781FE801BA842F2D323E0B8F146
:10A1F000010F7FF478AF6DE7FCF776FEE38E9BB23C
:10A20000002B7FF475AF89E7226B32F8023BCB60FD
:10A21000E38E2263013B9BB2E386E38E9BB2002B6D
:10A220003FF47CAF21688B689A07EDD4FCF75CFEA5
:10A23000831BAB42F1D3012384F85130002384F80F
:10A240005030032085E737F8023BC360E38E276375
:10A25000013B9BB2E38691E72DE9F041044682B0D1
:10A2600090461E460F46FCF73FFE94F85130626858
:10A27000012B05460BD0B2F5827F40F08D80D9B21C
:10A28000A368002B40F08880042940F08580002FCF
:10A2900000F08B80B8F1000F00F08780002E00F0F6
:10A2A000848094F85030012B76D094F85130C4F863
:10A2B0003880042B1CBF052384F8513000236365CC
:10A2C0000121C4E910332368E68784F85010E6863C
:10A2D0001968A68749062763A68603D4196841F042
:10A2E00040011960E168B1F5006F62D0002A00F00A
:10A2F000D180012E00F0CE80089B01334FF0010683
:10A3000028D094E021688B689B070FD5E38E9BB221
:10A3100063B15EB1236B1B780B73E38E226B2168F4
:10A32000013B01329BB20026E38622638B6813F067
:10A3300001030DD0E28F92B252B1A26BC9681170C5
:10A34000E28FA16B013A013192B2A163E2871E460E
:10A35000FCF7CAFDE38E9BB2002BD3D1E38F9BB2F7
:10A36000002BCFD108992A462046FFF7CBFDB8B97C
:10A37000A36833B922680193D3680193936801936A
:10A38000019B012384F85130606D0023C01A84F8CA
:10A39000503018BF012000E0022002B0BDE8F0817B
:10A3A00020220023626584F85030012002B0BDE80D
:10A3B000F081002A78D137F8022BDA60E38E276328
:10A3C000013B9BB2E386089B01334FF0010625D089
:10A3D0006DE02268936898070DD5E38E9BB253B168
:10A3E00046B1216B31F8023BD360E38E2163013B20
:10A3F0009BB2E3860026936813F001030CD0E18F33
:10A4000089B249B1A16BD26821F8022B1E46E38FB5
:10A41000A163013B9BB2E387FCF766FDE38E9BB231
:10A42000002BD6D1E38F9BB2002BD2D19AE7E38EDB
:10A430009BB21BB9E38F9BB2002B93D02268936829
:10A4400099070FD5E38E9BB263B15EB1236B1B7886
:10A450001373E38E216B2268013B01319BB200260E
:10A46000E3862163936813F0010303D0E18F89B27F
:10A4700000294ED1FCF738FD089B401B9842D6D3EB
:10A48000012384F851300320002384F8503002B0B7
:10A49000BDE8F0813A781A73E38E226B013B0132FA
:10A4A0009BB22263E38627E7012E8CD183E7E38EFC
:10A4B0009BB223B9E38F9BB2002B3FF453AF2268CA
:10A4C00093689F070DD5E38E9BB253B146B1216BC4
:10A4D00031F8023BD360E38E2163013B9BB2E386FC
:10A4E0000026936813F001030CD0E18F89B249B1C3
:10A4F000A16BD26821F8022B1E46E38FA163013BBA
:10A500009BB2E387FCF7F0FC089B401B9842CED33C
:10A51000B6E7A16BD2680A70E28FA16B013A0131F4
:10A5200092B2A163E2871E46A4E700BF2DE9F04185
:10A5300090F85160012E82B073D11D468846F3B267
:10A5400000296AD01746002A67D04368B3F5827F96
:10A55000044603D18368002B00F0E080FCF7C4FCC4
:10A5600094F85030012B06465BD0A2682168C4F8ED
:10A5700038800120002384F85000B2F5004F4FF0DE
:10A58000040084F85100C4E9103363652363A38693
:10A59000E787A787E3860B4600F09F800A6850068E
:10A5A00003D40A6842F040020A60E268002A3DD102
:10A5B000E28F92B2CAB16F1C0ED067E0A26B1B7B18
:10A5C0001370E28FA16B013A92B2E287E38F0131FF
:10A5D0009BB2A1634BB123689A68D007EED4FCF715
:10A5E00083FCE38F9BB2002BF5D16368B3F5827FC8
:10A5F0007CD000962B46002201212046FFF716FC56
:10A60000002840F08480012384F85130636D0022DB
:10A610009B1A84F8502018BF0123184602B0BDE8E9
:10A62000F0810223184602B0BDE8F081E28F92B2B9
:10A63000002ADAD06A1C40D18B68DB070FD5A36BE8
:10A64000CA6823F8022BE28FA363013A92B2E28731
:10A65000E38F9BB2002BC8D08B68DB07EFD4FCF7ED
:10A6600043FCE38F9BB2002BBFD02168E4E7A26BD1
:10A670001B7B1370E38FA26B013B01329BB2A26381
:10A68000E387E38F9BB2002BAFD023689A68D10792
:10A69000EDD4FCF729FC801BA842F2D315E0A26B95
:10A6A000DB6822F8023BE38FA263013B9BB2E387A6
:10A6B000E38F9BB2002B98D023689A68D207EED420
:10A6C000FCF712FC801BA842F2D3012384F851301E
:10A6D000002384F8503003239FE70A6822F04002E9
:10A6E0000A600A6822F480420A6057E7A368B3F55B
:10A6F000004F2DD0B3F5806F1AD000962B46002264
:10A7000080212046FFF792FB00283FF47CAF636D69
:10A7100043F0200363652023636574E700950425F7
:10A72000134680F851500A46FFF796FD034674E73A
:10A7300021680A6822F040020A602B460022009637
:10A7400001212046FFF772FB00283FF45CAFDEE7F3
:10A750002268136823F040031360CEE7002871D00D
:10A7600070B590F83D30044603F0FF02002B54D042
:10A770002268354EA169E5686068022384F83D309F
:10A78000B24213684ED0B2F1804F1CD0A6F57C4681
:10A79000B24218D006F58066B24214D006F5806643
:10A7A000B24210D0294EB24211D006F58066B242B4
:10A7B0000DD006F58066B24209D023F08003D56241
:10A7C000194390620CE0A66823F0700333432669B6
:10A7D000D56223F44073334323F08003194390621E
:10A7E0001068012340F0040010605361116084F888
:10A7F000463084F83E3084F83F3084F8403084F8A6
:10A80000413084F8423084F8433084F8443084F88E
:10A81000453084F83D30002070BD80F83C20FBF7C7
:10A820003BF8A5E7A66823F0700333432669D56299
:10A8300023F44073906233436069106323F0800314
:10A840001943CDE70120704700000140004001405E
:10A8500090F83D30012B27D103681449022280F87B
:10A860003D20DA688B4242F00102DA6011D0B3F188
:10A87000804F0ED00E4A93420BD002F58062934275
:10A8800007D002F58062934203D002F59A329342D8
:10A8900004D19A6802F00702062A03D01A6842F02F
:10A8A00001021A600020704701207047000001403B
:10A8B00000040040704700BF002871D070B590F8C8
:10A8C0003D30044603F0FF02002B54D02268354E81
:10A8D000A169E5686068022384F83D30B2421368DC
:10A8E0004ED0B2F1804F1CD0A6F57C46B24218D0B3
:10A8F00006F58066B24214D006F58066B24210D0EA
:10A90000294EB24211D006F58066B2420DD006F54E
:10A910008066B24209D023F08003D5621943906269
:10A920000CE0A66823F0700333432669D56223F454
:10A930004073334323F0800319439062106801236E
:10A9400040F0040010605361116084F8463084F8D0
:10A950003E3084F83F3084F8403084F8413084F849
:10A96000423084F8433084F8443084F8453084F829
:10A970003D30002070BD80F83C20FFF79BFFA5E72D
:10A98000A66823F0700333432669D56223F440732D
:10A99000906233436069106323F080031943CDE76D
:10A9A00001207047000001400040014091BB90F839
:10A9B0003E30012B3AD1022380F83E30036801F08B
:10A9C0001F01186A01228A4020EA02001862186AF0
:10A9D000224902438B421A6232D0B3F1804F0ED02B
:10A9E0001F4A93420BD002F58062934207D002F5D2
:10A9F0008062934203D002F59A32934204D19A685E
:10AA000002F00702062A03D01A6842F001021A6017
:10AA10000020704704290BD0082916D090F8413047
:10AA2000012B03D1022380F84130C7E70120704792
:10AA300090F83F30012BF9D1022380F83F30BDE779
:10AA40005A6C42F400425A64D9E790F84030012B26
:10AA5000ECD1022380F84030B0E700BF0000014095
:10AA600000040040034690F83C00012800F0B68046
:10AA70000120F0B483F83C000C2A08D8DFE802F08B
:10AA80003B07070760070707880707070D00002235
:10AA900083F83C200120F0BC70471A680E68106AE9
:10AAA000146A24F4805414625568D46924F4E6448A
:10AAB00044EA06248E6820F4005040EA0630614ED5
:10AAC000B24200F0A9805560D4614C6814641062F1
:10AAD000D0690C6940F40060D061D16921F48061D3
:10AAE000D161D16941EA0421D161002283F83C207F
:10AAF0000020F0BC70471A680E68106A146A24F0CF
:10AB0000010414625568946924F0730434438E6818
:10AB100020F0020030434B4EB24261D05560946148
:10AB20004C685463106290690C6940F008009061B1
:10AB3000916921F004019161916921439161D4E708
:10AB40001A680E68106A146A24F0100414625568BA
:10AB5000946924F4E64444EA06248E6820F0200038
:10AB600040EA0610374EB24247D0556094614C68B7
:10AB70009463106290690C6940F40060906191697F
:10AB800021F480619161916941EA04219161ACE70E
:10AB90001A680E68106A146A24F480741462556886
:10ABA000D46924F0730434438E6820F4007040EAC2
:10ABB0000620244EB24235D05560D4614C68D4632F
:10ABC0001062D0690C6940F00800D061D16921F0B1
:10ABD0000401D161D1692143D16186E70220704728
:10ABE000CE6820F008003043D1E9056725F44075B0
:10ABF0003E4320F00400354390E7CE6820F080000B
:10AC000040EA0610D1E9056725F440653E4320F08F
:10AC1000400045EA8605A8E74E6925F4804545EAE7
:10AC2000861550E7CE6820F4006040EA0620D1E99E
:10AC3000056725F440553E4320F4806045EA06153B
:10AC4000BAE700BF0000014090F83C20012A6ED016
:10AC50000346026830B40120022483F83C0083F8E4
:10AC60003D40946824F47F4424F0770494600C6899
:10AC7000602C76D019D8402C5BD02ED8202C04D054
:10AC800000F2888034F0100107D1916821F0700142
:10AC9000214341F00701916000200121002283F847
:10ACA0003D1083F83C2030BC7047B4F5805FF3D092
:10ACB000B4F5005F2BD0702CEFD1D1E9015094682E
:10ACC0002843CD6824F47F4140EA05200843906082
:10ACD000916841F077019160DEE7502CDDD1486842
:10ACE000CC68116A21F00A010843116A21F00101C0
:10ACF0001162916921F0F00141EA04119161106241
:10AD0000916821F0700141F057019160C4E7D1E9E9
:10AD1000015094682843CD6824F47F4140EA05201F
:10AD200008439060916841F480419160B4E702204B
:10AD300070474868CC68116A21F00A010843116A1B
:10AD400021F001011162916921F0F00141EA041141
:10AD500091611062916821F0700141F047019160AA
:10AD60009AE74868CC68116A21F0A00141EA001115
:10AD7000106A20F010001062906920F4704040EAE0
:10AD8000043090611162916821F0700141F0670117
:10AD9000916081E7302C3FF478AF7EE7704700BFC9
:10ADA000704700BF704700BF704700BF704700BFCB
:10ADB000036870B5DE681D69A907044601D5B207AE
:10ADC00051D4690701D572073AD42B0701D5300752
:10ADD00024D4EA0601D5F30610D4E80701D5F1071B
:10ADE00057D42A0601D533065BD4680601D571060F
:10ADF0005FD4AA0601D5B30642D470BD23686FF0B4
:10AE000010021A6108222277DB6913F4407F204682
:10AE100063D0FFF7C7FF00232377DEE723686FF0D7
:10AE200008021A6104222277DB699907204651D172
:10AE3000FFF7B6FF2046FFF7B7FF00232377C8E7E9
:10AE400023686FF004021A61022222779B6913F4CF
:10AE5000407F20463BD1FFF7A3FF2046FFF7A4FF2A
:10AE600000232377B1E76FF002021A610122027713
:10AE70009B699B0725D0FFF795FF00232377A0E769
:10AE800023686FF0200220461A61BDE8704000F090
:10AE900063B823686FF001021A612046FFF77EFF56
:10AEA0009FE723686FF080021A61204600F056F891
:10AEB0009BE723686FF040021A612046FFF776FF98
:10AEC00097E7FFF76DFF2046FFF76EFFD5E7FFF727
:10AED00069FFC5E7FFF766FFAFE7FFF761FF2046B1
:10AEE000FFF762FF97E700BF90F83C20012A2FD0C0
:10AEF00003460268022030B483F83D0050680D68B4
:10AF0000946820F07000284350601248824212D0AA
:10AF1000B2F1804F0FD0A0F57C4082420BD000F5FB
:10AF20008060824207D000F58060824203D000F545
:10AF30009A30824204D1496824F080040C43946022
:10AF40000020012283F83D2083F83C0030BC70478C
:10AF50000220704700000140704700BF704700BFEB
:10AF600084B082B00DF10C0C8CE80E009DF811201D
:10AF7000012A03462ED1826B9DF8181022F48032EC
:10AF80008263C26822F4840222F04002C260C26876
:10AF9000012922F44012C26071D00022009202E026
:10AFA0001A69002A30DB009A01320092009AB2F14D
:10AFB000706FF5D903209DF80E20012A07D19A68F9
:10AFC00042F006029A609A6842F020029A6002B04B
:10AFD00004B07047C268002142F04002C260019193
:10AFE00002E01A69002A2FDB019A01320192019ACC
:10AFF000B2F1706FF5D903209DF81520FAB99A6B5C
:10B0000042F480329A63D6E70A220092009A2AB16B
:10B01000009A013A0092009A002AF9D11A6942F086
:10B0200001021A6103E0186910F00100C3D0009A10
:10B0300001320092009AB2F1706FF4D9BAE79A6BBC
:10B0400022F480329A63B6E70A220192019A2AB169
:10B05000019A013A0192019A002AF9D11A6942F043
:10B0600001021A6103E0186910F00100C4D0019ACE
:10B0700001320192019AB2F1706FF4D9BBE7C26854
:10B0800042F48012C26088E7022A03460AD04FF4D5
:10B090001051DA6822F47052DA60DA680A4300204C
:10B0A000DA607047264A27480A44824232D9264A43
:10B0B00026480A44824230D92548A1F57402A2F5F7
:10B0C000105282422CD92348A1F18372A2F5E742A3
:10B0D000824228D3204A21480A44824226D9204A63
:10B0E00020480A44824224D31F4A20480A4482420C
:10B0F000CDD31F48A1F1B772A2F5585282421BD39B
:10B100001C4A1D480A4482422CBF4FF4C0514FF4E0
:10B11000E051BEE74FF47051BBE74FF46051B8E720
:10B120004FF45051B5E74FF44051B2E74FF430516E
:10B13000AFE74FF42051ACE74FF40051A9E700BF4F
:10B14000405327FFFF340C00401E1BFF3F420F00FF
:10B150007F4F120020D6130060B6E5FE5FE31600B5
:10B1600000D3CEFE40771B00C05BB3FEC091210030
:10B1700020753800E05459FEE09C41000346002051
:10B180009A6842F001029A60704700BF03460020AF
:10B190009A6822F001029A60704700BF38B5C36810
:10B1A000012923F0C0430546C36018D0A9B9C3687C
:10B1B00043F080430C46C36001E0C82C0DD00A2048
:10B1C000FBF798FE6B69DB0704F10A04F5D4A4F1E0
:10B1D000C800B0FA80F0400938BD012038BDC3680E
:10B1E00043F000530024C36001E0C82CF5D00A20CE
:10B1F000FBF780FE6B69DA0704F10A04F5D5A4F1C8
:10B20000C800B0FA80F04009E6E700BF84B02DE93D
:10B21000F04383B00BAC84E80E009DF836409DF8F7
:10B220002C100022C0F804210346C0F8082100F5C4
:10B23000006CC0F80C21C0F81021C0F81421C0F82F
:10B240001821C0F81C21C0F82021C0F82421C0F822
:10B250002821C0F82C21C0F83021C0F83421C0F8D2
:10B260003821C0F83C21002C40F0CC80DCF80420D0
:10B2700042F00202CCF80420826B42F40012826396
:10B28000826B22F400228263826B22F4802282632A
:10B290000022C3F8002E9DF83120012A00F0C28060
:10B2A000D3F8002842F00302C3F8002800220092DD
:10B2B00003E01A69002AC0F2CD80009A01320092A0
:10B2C000009AB2F1706FF4D903200022019203E0DA
:10B2D0001A69002AC0F2AE80019A01320192019AE5
:10B2E000B2F1706FF4D901200025CCF81050CCF8E1
:10B2F0001450CCF81C5000294ED0D3F80069002E11
:10B30000B8BF4FF00065C3F800594FF67F370025EE
:10B310000129C3F81059C3F8087900F0BA8003F581
:10B32000126201264FF09048D2F800E00136BEF1DB
:10B33000000FB4BFC2F800801560B142156197607C
:10B3400002F12002F0D1D3F8002B002A03F530657A
:10B3500053DB0022C3F8002B4FF0000E4FF67F396D
:10B3600003EB4111C5F810E003F53262C5F808900F
:10B3700001F53061D2F800800026B0454FF09047CB
:10B380004FF67F3532DBC2F800E0C2F810E0C2F8B9
:10B39000089020328A42EDD1DCF8102022F480722D
:10B3A000CCF8102000219DF82E2099616FF080418B
:10B3B00059611AB99A6942F010029A6199693E4A34
:10B3C0000A439DF832109A6119B19A6942F0080255
:10B3D0009A61012C05D19A6942F0804242F0040240
:10B3E0009A6103B0BDE8F04304B07047176016617E
:10B3F000956020328A42BDD1CEE74FF00062C3F89B
:10B40000002BA9E7826B22F400128263826B42F464
:10B41000002282630022C3F8002E9DF83120012A09
:10B420007FF43EAF9DF82F2062BBD3F80028C3F80D
:10B4300000283BE70022019210221A6102E01A69FB
:10B44000D20619D5019A01320192019AB2F1706FB8
:10B45000F5D948E7002200924FF484621A6103E0B4
:10B460001A6912F020020BD0009A01320092009A61
:10B47000B2F1706FF4D927E7003818BF012033E725
:10B48000104622E7D3F8002842F00102C3F8002852
:10B490000CE7D3F8001B002903F5306204DBC3F886
:10B4A000005B1561976077E74FF00061C3F8001B00
:10B4B0001561976070E700BF00383C8082B00023C0
:10B4C000019302E00369002B09DB019B0133019327
:10B4D000019BB3F1706FF5D9032002B07047890169
:10B4E000002341F020010193016103E0036913F09F
:10B4F000200307D0019B01330193019BB3F1706FCF
:10B50000F4D9E9E7184602B0704700BFD0F8083810
:10B5100013F0060004D013F0020F14BF02200F2016
:10B52000704700BF10B50A78012302F00F0E03FA2E
:10B530000EF391F801E0BEF1010F00F5006C00EB95
:10B5400042101AD0DCF81C2042EA0343CCF81C302D
:10B55000D0F8003B1B040ED48B68D0F8004B0A795E
:10B56000C3F30A03234343EA824343F0805343F483
:10B570000043C0F8003B002010BDDCF81C40234312
:10B58000CCF81C30D0F800391C04F4D48B68D0F807
:10B5900000490979C3F30A03234343EA814343EA99
:10B5A000825343F0805343F40043C0F80039002035
:10B5B00010BD00BF10B40A784978012900EB42138E
:10B5C0002CD0D3F8001B00291BDBD0F83C484FF4EB
:10B5D000803102F00F0201FA02F224EA0204C0F8FC
:10B5E0003C48D0F81C48224924EA0202C0F81C2832
:10B5F000D3F8002B5DF8044B11400020C3F8001B6A
:10B600007047D3F8001B41F00061C3F8001BD3F86A
:10B61000001B41F08041C3F8001BD6E7D3F80019A6
:10B6200000290BDAD3F8001941F00061C3F80019C2
:10B63000D3F8001941F08041C3F80019D0F83C1844
:10B6400002F00F040122A24021EA0201C0F83C18D6
:10B65000D0F81C48074924EA0202C0F81C28D3F895
:10B6600000295DF8044B11400020C3F80019704711
:10B670000078F3EF007833EC2DE9F0434C780E7846
:10B680000D6991F804E0012C00EB46135BD0D3F870
:10B69000104B6FF31204C3F8104BD3F8104B6FF339
:10B6A000DC44C3F8104B03F5306C8C6856BB05B115
:10B6B0000C610C62DCF81050C4F312042C43CCF87B
:10B6C0001040DCF81040012A44F40024CCF810406B
:10B6D00033D0BEF1010F0CD1D0F8082812F4807FCE
:10B6E000D3F8002B0CBF42F0005242F08052C3F856
:10B6F000002BD3F8002B42F00442C3F8002B0020AB
:10B70000BDE8F083002DD5D0654E2544013DB5FB45
:10B71000F4F5ADB205FB04F406EAC545DCF81060AB
:10B720000C623543CCF81050DCF81050C4F312040E
:10B730002C43012ACCF81040CBD1CA68002AC8D0CB
:10B74000CCF81420C5E703F5106427698DB36FF3B7
:10B75000120727612769D1F808906FF3DC4727614A
:10B76000002E79D12769A94547F400273CBFC1F8CD
:10B7700010904D462761D4F810C0C5F3120747EA70
:10B780000C07012A27614BD0D3F80049BEF1010F05
:10B7900044F00444C3F8004921D0002DAFD0D0F8C4
:10B7A000342806F00F060123B3401343C0F83438A1
:10B7B000A5E76FF3DC472761276947F40027276176
:10B7C0002769012A6FF31207276129D0D3F80049AE
:10B7D000BEF1010F44F00444C3F800498FD1D0F802
:10B7E000084814F4807FD3F800490CBF44F000549B
:10B7F00044F08054C3F80049002A80D1ADB203352B
:10B80000AD083FF47CAFCB6800EB063606F58056FA
:10B8100003EB850153F8042B32608B42FAD16EE7BB
:10B82000CA6902B16261BEF1010F0CD1D0F80828DB
:10B8300012F4807FD3F800290CBF42F0005242F08E
:10B840008052C3F80029D3F8002942F00442C3F81B
:10B8500000290020BDE8F083114FD4F8108009EBD7
:10B86000050C0CF1FF3CBCFBF9FC07EACC4747EAAE
:10B870000807BEF1010F27611FFA8CFC7FF47BAF34
:10B880004FEA4C7C0CF0C047D4F810C02CF0C04CF0
:10B89000C4F810C0D4F810C047EA0C0727616AE763
:10B8A0000000F81F10B44A780B7883B00021012AF9
:10B8B00001914FEA431323D000F53060C218C158FC
:10B8C000002904DB002003B05DF8044B7047C45826
:10B8D00044F00064C450C45844F08044C45042F260
:10B8E000107102E01368002BECDA019B0133019325
:10B8F000019B8B42F6D9012003B05DF8044B7047E1
:10B9000000F51060C218C1580029DBDAC45844F0B1
:10B910000064C450C45844F08044C45042F21071D2
:10B9200002E01368002BCDDA019B01330193019BE8
:10B930008B42F6D9DFE700BF10B49DF8044064B92C
:10B9400003339B0809D0013200EB023001EB830383
:10B9500051F8042B02608B42FAD100205DF8044BB1
:10B96000704700BFF0B55FEA920E064602F003078B
:10B970001ED000F580558C4600231C4601332A68F2
:10B980004CF8042B9E45F8D1043101EB840077B1CB
:10B9900006F58056012F3368037007D0022F4FEA57
:10B9A000132218BF1B0C427018BF83703844F0BDBF
:10B9B0000846ECE74A780B78012A00EB43100CD0DC
:10B9C000D0F8002B002A00DBD3B9D0F8003B43F4B9
:10B9D0000013C0F8003B00207047D0F80029002A6F
:10B9E00006DB2BB1D0F8003923F08043C0F80039D2
:10B9F000D0F8003943F40013C0F800390020704734
:10BA0000D0F8003B23F08043C0F8003BDDE700BFE7
:10BA10000B794A7891F800C0023B012A00EB4C10E8
:10BA2000DBB211D0D0F8002B012B22F40012C0F8A9
:10BA3000002B01D900207047D0F8003B43F0805321
:10BA4000C0F8003B00207047D0F80029012B22F4F9
:10BA50000012C0F80029EDD8D0F8003943F0805327
:10BA6000C0F8003900207047D0F8003823F4FE6396
:10BA7000C0F80038D0F80038090101F4FE6119431C
:10BA8000C0F8001800207047D0F8002E034622F0BE
:10BA90000302C3F8002ED3F80438014623F0020352
:10BAA0000020C1F804387047D0F8002E034622F079
:10BAB0000302C3F8002ED3F80438014643F0020312
:10BAC0000020C1F80438704742698069104070470F
:10BAD000D0F81838D0F81C081840000C704700BF88
:10BAE000D0F81838D0F81C08184080B2704700BF52
:10BAF00000EB4111D1F8082BD0F814081040704722
:10BB0000D0F81028D0F8343800EB411001F00F01C4
:10BB1000CB40DB01D0F80809DBB213431840704773
:10BB2000406900F001007047D0F8002903466FF328
:10BB30000A02C3F80029D3F80438014643F480739D
:10BB40000020C1F80438704730B4056C114CA54290
:10BB500000F5306303D9D0F8004B002C16DB00242D
:10BB60001C611C6944F400241C611C6944F0180425
:10BB70001C611C69012944F0C0441C6106D15A6152
:10BB8000D0F8003B43F08023C0F8003B002030BCDD
:10BB9000704700BF0A30544FD0F8D43200EB830016
:10BBA00010B5D0F8C04284B1D0F8C4325BB194F87B
:10BBB0000002FF2807D09B6894F80122214698478D
:10BBC000FF2384F80032002010BD032010BD00BF09
:10BBD0000A23038000487047F800002070B58221D6
:10BBE00006460F4800F0C0FB012105460C4800F056
:10BBF000BBFB812104460A4800F0B6FB0DB11022C0
:10BC0000AA711CB1002240212171627118B1002279
:10BC100040210171427143230148338070BD00BF50
:10BC20007C00002070B5822106460F4800F09CFB86
:10BC3000012105460C4800F097FB812104460A4883
:10BC400000F092FB0DB11022AA711CB1002102225A
:10BC50002171627118B100210222017142714323E6
:10BC60000148338070BD00BF7C00002038B5D0F89B
:10BC7000D432B03350F8235095B10446FBF7D6F8D0
:10BC8000D4F8D432C5F80C0204EB8304D5F80402CE
:10BC9000D4F8C43205F50371DB689847002038BD3D
:10BCA000032038BDF8B5D0F8D43200EB830EDEF8AF
:10BCB000C06246B301F00F0404EB840500EB850578
:10BCC0000A466B696BB9DEF8C4321B690021C6F8FD
:10BCD000141223B1D6F8080206F504719847002023
:10BCE000F8BDD0F8C87204EBC40407EB8404E4691F
:10BCF000B3FBF4F704FB1733002BE4D16B611A4656
:10BD0000FBF77CF8EBE70320F8BD00BF70B5D0F877
:10BD1000D43200EB830382B0D3F8C06200228DF8E6
:10BD20000520ADF8062066B191F800C01CF0600255
:10BD300004460D4620D0202A06D02946204600F091
:10BD4000D3FD032002B070BDCA8891F801E08AB328
:10BD50001CF0800F4ED0D3F8C43231469B68704639
:10BD60009847EA88072A314628BF0722204600F074
:10BD7000F3FD002002B070BD4B780B2BDDD801A283
:10BD800052F823F0E1BD000873BD00083BBD000878
:10BD90003BBD00083BBD00083BBD00083BBD0008A3
:10BDA0003BBD00083BBD00083BBD0008CDBD000801
:10BDB000C3BD0008D3F8C43270469B689847002082
:10BDC000D8E790F89C32032BD3D0B6E790F89C329A
:10BDD000032BB2D101220DF1050100F0BDFDC8E732
:10BDE00090F89C32032BA8D102220DF1060100F03D
:10BDF000B3FDBEE7402A28BF402286F800E286F85D
:10BE00000122314600F0BEFDB3E700BF38B504465D
:10BE100000258121FAF7AEFF012184F83750204632
:10BE2000FAF7A8FF822184F877512046FAF7A2FF9B
:10BE3000D4F8D43284F84B5004EB83036564D3F810
:10BE4000C0228AB1D3F8C4325B689847D4F8D432A0
:10BE5000B03354F82300FAF7F1FFD4F8D432B033FA
:10BE600044F82350C4F8BC52002038BDF8B504464D
:10BE70004FF40770FAF7DEFF054600285BD04FF459
:10BE80000772002100F0D0FDD4F8D432B03344F86A
:10BE90002350237CC4F8BC52B3B340230222812137
:10BEA0002046FAF759FF0121402384F83710022277
:10BEB0002046FAF751FF01271023032263648221F1
:10BEC000082384F877712046FAF746FFD4F8D43275
:10BED00084F84B7004EB83030026D3F8C432C5F812
:10BEE00004621B689847D5F80422C5F81462C5F8A7
:10BEF00018622AB3237CC3B94FF400733946204635
:10BF0000FAF788FF0020F8BD4FF400730222812168
:10BF10002046FAF721FF01214FF4007384F837100F
:10BF200002222046FAF718FFC5E74023394620468B
:10BF3000FAF770FFE6E7D4F8D432B03344F82300C0
:10BF40000220F8BD70B5822106460F4800F00CFAB9
:10BF5000012105460C4800F007FA812104460A48F1
:10BF600000F002FA0DB11022AA711CB1002240218A
:10BF70002171627118B10022402101714271432385
:10BF80000148338070BD00BF7C000020034639B1FA
:10BF9000D0F8D42203EB82030020C3F8C412704708
:10BFA00003207047D0F8D432B03350F823302BB18F
:10BFB000C3F80812C3F8102200207047032070470E
:10BFC000D0F8D432B03350F823301BB1C3F8041288
:10BFD0000020704703207047D0F8D422B03250F8C8
:10BFE00022208AB108B5037CD2F804222BB1402369
:10BFF0000121FAF70FFF002008BD4FF40073012163
:10C00000FAF708FF002008BD0320704778B100232D
:10C01000C0F8B832C0F8C432C0F8D03209B1C0F8A4
:10C02000B412012380F89C320270FAF757BE032045
:10C03000704700BF10B582B00023ADF8063089B15B
:10C04000CB6AC0F8B812044623B10DF10600984738
:10C05000C4F8D002D4F8D83200200133C4F8D83262
:10C0600002B010BD032002B010BD00BFFAF768BED9
:10C07000D0F8B8320BB11B6818471846704700BF9C
:10C0800008B5D0F8B8325B689847002818BF03207D
:10C0900008BD00BF38B5044600F2AA25284600F0C6
:10C0A00017FC94F8AA12B4F8B022C4F8982201231D
:10C0B000C4F8943201F01F03012B0ED0022B06D0DE
:10C0C0008BB929462046BDE8384000F063B92946BF
:10C0D0002046BDE8384000F049BB29462046BDE86F
:10C0E000384000F003BB204601F08001BDE8384035
:10C0F000FAF74CBE10B5044629B9D0F89422032AA9
:10C1000010D0002010BD90F89C32032BF9D1D0F84C
:10C11000B8329B69002BF4D00022BDE81040C0F873
:10C12000D4221847B0F860210B46D0F8581191423C
:10C1300008D890F89C22032A12D0204600F03AFC3E
:10C14000002010BD8B1AD0F86411C0F8583111448A
:10C150009A42C0F8641138BF1A4600F023FCD0E7B9
:10C16000D0F8B8221269002AE7D0C0F8D43290473C
:10C17000E3E700BF70B5044659B9D0F89432022BFA
:10C1800016D094F8A03213B1002384F8A032002016
:10C1900070BD90F89C32032BF9D1D0F8B8325B69AE
:10C1A000002BF4D00022BDE87040C0F8D42218471C
:10C1B0008269038C9A420D4610D81DD094F89C32A7
:10C1C000032B26D080212046FAF7E0FD204600F020
:10C1D000FDFB94F8A032002BD9D0D5E7416AD21AE2
:10C1E00019448261416200F0C5FB2B462A4629466C
:10C1F0002046FAF70FFEC4E743699A42DED8D0F82A
:10C2000098229342DAD20A4600F0B4FBC4F898525E
:10C21000EBE7D4F8B832DB68002BD3D00022C4F8A7
:10C22000D42220469847CDE7F8B5D0F8B83200219F
:10C23000012280F89C2204464160C0F89412C0F8A4
:10C24000A41280F8A0121BB15B680BB19847B8B973
:10C250000027002240251146012640232046FAF7F8
:10C260007BFD84F86361A4F860512B460022802195
:10C270002046FAF771FD84F8236025843846F8BD1E
:10C280000327E6E701740020704700BF90F89C3256
:10C29000042B04D090F89C32DBB280F89D3204234A
:10C2A00080F89C320020704790F89C32042B04D117
:10C2B00090F89D32DBB280F89C320020704700BFBE
:10C2C00090F89C22032A01D00020704708B5D0F8CE
:10C2D000B83213B1DB6903B19847002008BD00BF35
:10C2E000D0F8D422AE3250F8222062B108B590F8CE
:10C2F0009C32032B01D0002008BD136A002BFAD01A
:10C300009847002008BD0320704700BFD0F8D42212
:10C31000AE3250F8222062B108B590F89C32032B5F
:10C3200001D0002008BD536A002BFAD098470020A6
:10C3300008BD0320704700BF00207047D0F8B82226
:10C34000012180F89C1242B108B5526801799047EA
:10C3500008B9002008BD032008BD0020704700BFB9
:10C3600000207047002070470278B0F802C0944562
:10C37000134603D80CE09C450AD9027810441344B4
:10C380004278052A9BB2F6D182788A42F3D170476F
:10C390000020704770B50B7803F06003202B82B04B
:10C3A0000D46044628D0402B26D05BB18021204684
:10C3B000FAF7ECFC00212046FAF7E8FC00252846B5
:10C3C00002B070BD4B78092BF0D801A252F823F0CF
:10C3D00049C4000871C40008ADC300088FC4000838
:10C3E000ADC30008A7C40008E9C40008ADC3000835
:10C3F0001DC5000811C40008D4F8D432AE33294654
:10C4000054F823309B68204602B0BDE870401847BE
:10C410008978B54D0129297000F2418190F89C324C
:10C42000022BDEB200F02081032E00F0FB80802181
:10C43000FAF7ACFC00212046FAF7A8FC2978204640
:10C44000FFF71EFE0325BAE790F89C32013B022B52
:10C45000ACD8CA88022AA9D1D0F8A4320146002B50
:10C460000CBF0123032341F80C3F00F075FAA5E748
:10C4700090F89C32013B022B98D84B88012B9DD120
:10C480000023C4F8A432204600F094FA96E74B88C3
:10C49000012BF6D0022B89D18B881B0A80F8A032A1
:10C4A00000F088FA8AE78B88002B7FF47FAFCB8877
:10C4B000002B7FF47BAF4B887F2B3FF677AF90F854
:10C4C0009C22032A3FF472AFDDB280F89E522946C7
:10C4D000FAF788FC204600F06DFA002D00F0FF808E
:10C4E000022384F89C3269E74A88130A0021013B41
:10C4F000ADF80610062B3FF659AF01A151F823F015
:10C50000C3C50008A9C5000897C50008ADC3000849
:10C51000ADC3000881C5000845C50008CA88012AC6
:10C520007FF444AF90F89C32022BD9B200F2B08075
:10C5300000293FF43BAF0146002341F8083F00F0DB
:10C540000BFA3BE7037C002B7FF430AFD0F8B83216
:10C550000DF106001B6B984707234370EB88002BF7
:10C5600091D0BDF80620002A3FF420AF9A4228BFA0
:10C570001A4601462046ADF8062000F0EDF91DE709
:10C58000037C002B7FF412AFD0F8B8320DF1060017
:10C590005B6B9847E2E7D2B2052A3FF607AFDFE8C8
:10C5A00002F03B352F292318027CD0F8B832002A3C
:10C5B00040F087809B6A0DF1060098470223437084
:10C5C000CCE7D0F8B432007C1B680DF10601984727
:10C5D000C4E7D0F8B4329B69002B3FF4E7AE207C6F
:10C5E0000DF106019847B9E7D0F8B4325B69002B2A
:10C5F000F5D1DBE6D0F8B4321B69002BEFD1D5E6DC
:10C60000D0F8B432DB68002BE9D1CFE6D0F8B432F1
:10C610009B68002BE3D1C9E6D0F8B4325B68002BED
:10C62000DDD1C3E6002942D0416801293FF42BAF98
:10C63000C9B2FFF725FD297861602046FFF718FD94
:10C64000054600283FF41FAF80212046FAF79EFBE5
:10C6500000212046FAF79AFB21792046FFF710FDCA
:10C66000022384F89C32AAE600293FF40CAF012192
:10C670004160FFF7FDFC054650B380212046FAF7E4
:10C6800085FB00212046FAF781FB84F89C6296E640
:10C6900003297FF48BAE011D00F05EF98EE6802148
:10C6A000FAF774FB00212046FAF770FBCAE6022372
:10C6B00080F89C324160FFF7E3FC204600F07AF9F5
:10C6C0007CE6DB6A0DF1060098470223437045E7DC
:10C6D000204600F06FF9032384F89C326EE60123B4
:10C6E00084F89C326AE600BF1419002070B50B78FC
:10C6F0005A060D4604460DD503F06002402A09D0C3
:10C700008021FAF743FB00212046FAF73FFB002681
:10C71000304670BD94F89C32013B022B02D8297937
:10C72000012908D980212046FAF730FB0021204654
:10C73000FAF72CFBEBE72046FFF712FE90B9D4F88E
:10C74000B8329B6873B1C4F8D40229462046984792
:10C75000EB880646002BDBD10028D9D1204600F01B
:10C7600029F9D5E70326304670BD00BF30B50C4629
:10C770008A88237803F06003202B83B00546D1B26A
:10C780004ED0402B4CD053B180212846FAF7FEFA08
:10C7900000212846FAF7FAFA002003B030BD63788A
:10C7A000012B2CD0032B4DD0002BEDD190F89C32D7
:10C7B000022BD8B260D00328E6D101F00F0303EBBF
:10C7C0008303120605EB830366D493F86331002BD1
:10C7D000DAD001EB810405EB840404F5AA74002986
:10C7E00068D02846FAF7EAFA00286BD00123A37331
:10C7F000022204F10E01284600F0AEF8CCE790F8D2
:10C800009C32022BDAB22ED0032ABDD16388002BD2
:10C81000C2D14B0651D12846019100F0CBF80199C5
:10C820002846FFF79FFD0028B6D1D5F8B832C5F8E5
:10C83000D4029B68002BAFD02146284603B0BDE848
:10C840003040184790F89C32022BDAB20BD0032A02
:10C850009AD163881BB9480601D0E388A3B3284660
:10C8600000F0A8F898E74A068ED0FAF78FFA8021F0
:10C870002846FAF78BFA8FE7480685D111064CBF98
:10C8800005F1140105F5AA71002301F80E3F0222FB
:10C89000284600F061F87FE793F82330002B3FF43F
:10C8A00073AF01F07F04013404EB8404802905EBAD
:10C8B000840496D10023A3739AE70191FAF772FAE0
:10C8C0000199A8E7A07393E72846FAF75FFAC6E74D
:10C8D0000B7803704B7843704B8843808B88838040
:10C8E000CB88C380704700BF10B580210446FAF79B
:10C8F0004DFA20460021BDE81040FAF747BA00BFC4
:10C9000030B370B503780E46144605460BB30346A4
:10C9100013F8011F0029FBD1681CF3F761FC431CCD
:10C92000DBB201335B00DAB2238003233270737011
:10C930002C7864B12846022300215A1CD2B2F45448
:10C94000B15410F8014F0233DBB2002CF5D170BDA9
:10C95000704702221346E7E708B513460A4602214C
:10C96000C0E90533C0F8941242620021FAF746FA92
:10C97000002008BD08B513460A460021FAF73EFA22
:10C98000002008BD08B513460A460321C0E9553307
:10C99000C0F89412C0F864210021FAF73BFA002095
:10C9A00008BD00BF08B513460A460021FAF732FA5F
:10C9B000002008BD08B504210023C0F894121A46CF
:10C9C0001946FAF71BFA002008BD00BF08B505217B
:10C9D0000023C0F894121A461946FAF71BFA0020F1
:10C9E00008BD00BF0EB410B59DB01FAB02900690FD
:10C9F0006FF000410A48079104910A4953F8042B4B
:10CA00000591002402A9006801931B9400F0A6F987
:10CA1000029B1C701DB0BDE8104003B0704700BF02
:10CA2000040100200802FFFF02440346934200D1A4
:10CA3000704703F8011BF9E7014B1868704700BF06
:10CA40000401002070B50D4B0D4D5B1B9C100026A2
:10CA5000A64209D100F06EFC0A4D0B4B5B1B9C10EB
:10CA60000026A64205D170BD55F8043B9847013613
:10CA7000EEE755F8043B98470136F2E7BCEA0008B8
:10CA8000BCEA0008BCEA0008C0EA0008704770472A
:10CA90000A44914200F1FF3300D1704710B511F8FC
:10CAA000014B03F8014F9142F9D110BD38B505464D
:10CAB000002941D051F8043C0C1F002BB8BFE418EA
:10CAC00000F0E0F81D4A136833B96360146028462B
:10CAD000BDE8384000F0DCB8A34208D9206821182E
:10CAE0008B4201BF19685B6809182160EDE71A469F
:10CAF0005B680BB1A342FAD911685018A0420BD160
:10CB000020680144501883421160E0D118685B68C6
:10CB1000536008441060DAE702D90C232B60D6E793
:10CB2000206821188B4204BF19685B68636004BFEA
:10CB3000091821605460CAE738BD00BF5C1A0020A4
:10CB400070B50F4E0C463168054611B900F0ACFBCC
:10CB500030602146284600F0A7FB431C03D14FF06C
:10CB6000FF34204670BDC41C24F00304A042F8D05A
:10CB7000211A284600F098FB0130F2D1EFE700BF00
:10CB8000581A00202DE9F843CD1C25F0030508357F
:10CB90000C2D38BF0C25002D064601DBA94204D917
:10CBA0000C2333600020BDE8F883DFF8D48000F068
:10CBB00069F8D8F800301C4644BB29463046FFF7D8
:10CBC000BFFF431C044658D1D8F800402746002F29
:10CBD00043D1002C4BD023683946304604EB03097F
:10CBE00000F062FB814542D121686D1A294630462A
:10CBF000FFF7A6FF01303AD023682B442360D8F812
:10CC000000305A6862BBC8F800700FE02268521BFF
:10CC100020D40B2A17D96119A342256018BF596087
:10CC2000636808BFC8F8001062514B60304600F0DE
:10CC30002FF804F10B00231D20F00700C21A1CBFBF
:10CC40001B1AA350AFE76268A3420CBFC8F80020CC
:10CC50005A60EBE723466468AEE73C467F68B6E778
:10CC60001A465B68A342FBD100235360DEE70C2326
:10CC70003360304600F00CF894E70560D6E700BF5B
:10CC80005C1A00200148FFF701BF00BF541A0020C2
:10CC90000148FFF7FCBE00BF541A00202DE9F04701
:10CCA0008E681F46BE4282460C469046334653D895
:10CCB000B1F90C0010F4906F2BD0656923680969F5
:10CCC00005EB4505A3EB010905EBD5757B1C6D1044
:10CCD0004B44AB422A4684BF1D462A46430527D50E
:10CCE00011465046FFF74EFF064658B321694A46A3
:10CCF000FFF7CEFEA38923F4906343F08003A38162
:10CD0000266165614E44A5EB09052660A5603E4697
:10CD10003B461F4620683A46414600F0ABFAA368FE
:10CD20009B1BA36023683B4423600020BDE8F08781
:10CD3000504600F0C9FA06460028E1D12169504664
:10CD4000FFF7B4FE0C23CAF80030A38943F0400378
:10CD5000A3814FF0FF30E9E73E46DBE72DE9F047DE
:10CD60001F468B891B069CB006460D46144610D5FF
:10CD70000B6973B94021FFF705FF2860286130B9BE
:10CD80000C2333604FF0FF301CB0BDE8F087402328
:10CD90006B610023099320238DF8293003973023FA
:10CDA000654F8DF82A304FF001082346994613F855
:10CDB000012B0AB1252AF9D1B9EB040A0BD053464D
:10CDC000224629463046FFF769FF013000F0A48073
:10CDD000099A5244099299F80030002B00F09C8087
:10CDE00000234FF0FF32CDE9052309F10109049337
:10CDF00007938DF853301A934C464F4814F8011B93
:10CE00000522F3F7F5F9049BD0B9D80644BF2022D8
:10CE10008DF85320190744BF2B228DF8532099F821
:10CE200000202A2A13D0079A4C4600204FF00A0C03
:10CE3000214611F8013B303B092B49D968B913E071
:10CE4000C01B08FA00F018430490A146D4E7039AE7
:10CE5000111D12680391002A01DB079204E052427F
:10CE600043F002030792049323782E2B0AD16378B0
:10CE70002A2B32D1039B1A1D1B68039243EAE373EA
:10CE800002340593DFF8C090217803224846F3F777
:10CE9000AFF938B1049BA0EB090040228240134354
:10CEA0000134049314F8011B24488DF8281006223D
:10CEB000F3F79EF9002835D0214818BB039B0733B0
:10CEC00023F0070308330393099B034409936CE79A
:10CED0000CFB02320C460120AAE700230134059323
:10CEE00019464FF00A0C204610F8012B303A092A57
:10CEF00003D9002BC6D00591C4E70CFB01210446E1
:10CF00000123F0E703AB00932A460E4B04A93046F9
:10CF1000AFF30080421CD7D1AB895B063FF532AF3F
:10CF2000099831E703AB00932A46064B04A9304623
:10CF300000F07AF8EEE700BF80EA00088AEA00080D
:10CF4000000000009DCC000886EA00082DE9F047AB
:10CF5000164698468A680B69DDF820909342B8BF60
:10CF60001346336091F8432007460C460AB101335B
:10CF700033602368990642BF336802333360256803
:10CF800015F0060506D104F1190AE36832689B1A08
:10CF9000AB4226DC94F843302268003B18BF0123E3
:10CFA00092062BD404F1430241463846C84701306B
:10CFB0001ED02368226903F00603042B02BFE56834
:10CFC0003368ED1AA3680CBF25EAE5750025934286
:10CFD000C4BF9B1AED1800261A34B5421AD100209E
:10CFE00008E00123524641463846C847013003D184
:10CFF0004FF0FF30BDE8F0870135C6E7E1185A1C55
:10D00000302081F84300224494F8451082F8431000
:10D010000233C7E70123224641463846C84701305C
:10D02000E6D00136D9E700002DE9F0430D7E85B04A
:10D03000782D90460C9E07460C46994601F1430216
:10D0400007D8622D0AD8002D00F0D780582D00F0A7
:10D05000BC8004F1420684F842503BE0A5F1630332
:10D06000152BF6D801A151F823F000BFC5D0000858
:10D07000D9D0000853D0000853D0000853D000087E
:10D0800053D00008D9D0000853D0000853D000086E
:10D0900053D0000853D00008E1D1000803D10008A4
:10D0A00093D1000853D0000853D0000803D20008E1
:10D0B00053D0000803D1000853D0000853D0000813
:10D0C0009BD1000833681A1D1B68326004F14206C8
:10D0D00084F842300123A1E033682068191D3160D3
:10D0E000060601D51D6803E04506FBD5B3F90050DF
:10D0F000002D03DA2D236D4284F843305B480A2368
:10D1000011E021683368080653F8045B02D449062D
:10D1100048BFADB23360237E54486F2B5CD10823E7
:10D12000002184F843106668A660002E05DB2168A4
:10D130002E4321F00401216050D01646B5FBF3F1D7
:10D1400003FB115C10F80CC006F801CDAC4663453A
:10D150000D46F3D9082B0BD12368DB0708D52369CB
:10D1600061689942DEBF302306F8013C06F1FF36C4
:10D17000921B2261CDF80090434603AA214638460F
:10D18000FFF7E4FE01304ED14FF0FF3005B0BDE8AF
:10D19000F083236843F0200323603548782584F822
:10D1A00045502368316813F0800F51F8045B03D1B8
:10D1B00013F0400F18BFADB23160D90744BF43F040
:10D1C000200323601DB11023AAE72848E7E723685E
:10D1D00023F020032360F6E70A23A1E71646B9E708
:10D1E000336825686169181D30602E061B6801D5FB
:10D1F000196002E06806FBD51980002323611646FA
:10D20000B8E733681A1D32601E6862680021304634
:10D21000F2F7EEFF08B1801B6060636823610023B2
:10D2200084F84330A6E72369324641463846C8476A
:10D230000130A9D023689B0713D4E068039B984270
:10D24000B8BF1846A2E70123324641463846C847D0
:10D25000013099D00135E36803995B1AAB42F2DCE7
:10D26000EBE7002504F11906F5E700BF91EA000895
:10D27000A2EA0008884210B501EB020402D98442F8
:10D28000234607D8431EA14207D011F8012B03F80B
:10D29000012FF8E70244824200D110BD13F8011DAE
:10D2A00002F8011DF7E7000038B5064D00230446DB
:10D2B00008462B60F8F7EAFB431C02D12B6803B148
:10D2C000236038BD501A00202DE9F041074614466E
:10D2D0000D4621B9BDE8F0411146FFF753BC2AB90C
:10D2E000FFF7E4FB25462846BDE8F08100F01AF878
:10D2F0008442064602D8B4EB500FF4D82146384693
:10D30000FFF740FC804608B94546ECE7B4422246A8
:10D31000294628BF3246FFF7BBFB29463846FFF7B0
:10D32000C5FBF1E751F8043C181F002BBCBF0B589C
:10D33000C0187047F8B500BFF8BC08BC9E467047DF
:0CD34000F8B500BFF8BC08BC9E46704762
:10D34C0000FF0100010000FFFF0000010001FF00D1
:10D35C00C2B04300200000000D0A0000483132002A
:10D36C004836200048313300483130004831310014
:10D37C004831342000000000D09FD180D0B8D0B20A
:10D38C00D0B5D182210D0A4D4158363637355F3133
:10D39C00203D0D0A4D4158363637355F32203D0D54
:10D3AC000A0000005431323D20202020202054431C
:10D3BC004A3D20202020200D0A546865726D4B3D9B
:10D3CC0000000000447574793D20202020447574C1
:10D3DC00793D202020200D0A4F75744C3D202020D3
:10D3EC00204F7574523D00002020205732355131AA
:10D3FC0030200D0A49443A00202020573235513252
:10D40C0030200D0A49443A0020202057323551343F
:10D41C0030200D0A49443A0020202057323551382B
:10D42C0030200D0A49443A00202020573235513122
:10D43C0036200D0A49443A0020202057323551330A
:10D44C0032200D0A49443A002020205732355136FB
:10D45C0034200D0A49443A002020205732355131EE
:10D46C003238200D0A49443A000000002020205791
:10D47C00323551323536200D0A49443A000000004D
:10D48C0020202057323551353132200D0A49443A8B
:10D49C0000000000252E3258252E3258252E3258E9
:10D4AC00252E3258252E3258252E3258252E3258FC
:10D4BC00252E32580D0A00004D656D6F7269653A64
:10D4CC0020202020200000006B420D0A506167656F
:10D4DC0053697A653A202020200000000D0A506123
:10D4EC006765436F756E743A202020000D0A5365F2
:10D4FC0063746F7253697A653A2020000D0A536584
:10D50C0063746F72436F756E743A2000426C6F6374
:10D51C006B53697A653A2020000000000D0A426CBA
:10D52C006F636B436F756E743A200000D09ED18888
:10D53C00D0B8D0B1D0BAD0B020D0B8D0BDD0B8D13E
:10D54C0086D0B8D0B0D0BBD0B8D0B7D0B0D186D000
:10D55C00B8D0B80D0AD0BCD0B8D0BAD180D0BED11A
:10D56C0081D185D0B5D0BCD18B20666C617368003D
:10D57C00454550524F4D204552524F52000000002D
:10D58C00454550524F4D204F4B000000D0A1D0BE0E
:10D59C00D185D180D0B0D0BDD0B5D0BDD0BE20D03B
:10D5AC00B2D0BE20666C6173680000002020202081
:10D5BC00202020202020202020202020202000009F
:10D5CC00D0A1D0BED185D180D0B0D0BDD0B5D0BD8A
:10D5DC00D0BE20D0B220454550524F4D0000000027
:10D5EC00D097D0B0D0B3D180D183D0B6D0B5D0BD88
:10D5FC00D0BE20D0B8D0B720666C61736800000034
:10D60C00D097D0B0D0B3D180D183D0B6D0B5D0BD67
:10D61C00D0BE20D0B8D0B720454550524F4D000059
:10D62C0020202020202020202020202020202020EE
:10D63C002020200053544D6963726F656C656374D0
:10D64C00726F6E696373000053544D333220566908
:10D65C00727475616C20436F6D506F7274000000B2
:10D66C0043444320436F6E66696700004344432084
:10D67C00496E746572666163650000001829300A92
:10D68C001FFFC03FFFE05FFFD0EFFFB8F00078F066
:10D69C000078F00078F00078F00078F00078F00076
:10D6AC0078F00078F00078F00078F00078F00078EE
:10D6BC00F00078F00078E00038800008000000806E
:10D6CC000008E00038F00078F00078F00078F00006
:10D6DC0078F00078F00078F00078F00078F00078BE
:10D6EC00F00078F00078F00078F00078F00078EF37
:10D6FC00FFB85FFFD03FFFE01FFFC000000000003D
:10D70C00000000100000380000780000780000785D
:10D71C0000007800007800007800007800007800A5
:10D72C000078000078000078000078000078000095
:10D73C0078000038000008000000000008000038E5
:10D74C000000780000780000780000780000780075
:10D75C000078000078000078000078000078000065
:10D76C007800007800007800007800003800001085
:10D77C000000000000001FFFC03FFFE01FFFD00FA4
:10D78C00FFB80000780000780000780000780000F6
:10D79C0078000078000078000078000078000078AD
:10D7AC000000780000780000780000780FFFB81FA8
:10D7BC00FFC87FFFF09FFFC0EFFF80F00000F0007C
:10D7CC0000F00000F00000F00000F00000F000009D
:10D7DC00F00000F00000F00000F00000F00000F09D
:10D7EC000000F00000EFFF805FFFC03FFFE01FFF75
:10D7FC00C01FFFC03FFFE01FFFD00FFFB800007835
:10D80C0000007800007800007800007800007800B4
:10D81C0000780000780000780000780000780000A4
:10D82C00780000780000780FFFB81FFFC87FFFF06A
:10D83C001FFFC80FFFB800007800007800007800C8
:10D84C000078000078000078000078000078000074
:10D85C0078000078000078000078000078000078EC
:10D86C000FFFB81FFFD03FFFE01FFFC000000000FC
:10D87C000000400010E00038F00078F00078F00074
:10D88C0078F00078F00078F00078F00078F000780C
:10D89C00F00078F00078F00078F00078F00078F084
:10D8AC000078EFFFB89FFFC87FFFF01FFFC80FFF86
:10D8BC00B80000780000780000780000780000784C
:10D8CC0000007800007800007800007800007800F4
:10D8DC000078000078000078000078000038000024
:10D8EC00100000000000001FFFC03FFFE05FFFC002
:10D8FC00EFFF80F00000F00000F00000F00000F0FE
:10D90C000000F00000F00000F00000F00000F0005B
:10D91C0000F00000F00000F00000F00000EFFF80CD
:10D92C009FFFC07FFFF01FFFC80FFFB800007800FB
:10D93C000078000078000078000078000078000083
:10D94C0078000078000078000078000078000078FB
:10D95C000000780000780FFFB81FFFD03FFFE01FDA
:10D96C00FFC01FFFC03FFFE05FFFC0EFFF80F00074
:10D97C0000F00000F00000F00000F00000F00000EB
:10D98C00F00000F00000F00000F00000F00000F0EB
:10D99C000000F00000F00000EFFF809FFFC07FFF51
:10D9AC00F09FFFC8EFFFB8F00078F00078F0007837
:10D9BC00F00078F00078F00078F00078F00078F063
:10D9CC000078F00078F00078F00078F00078F00043
:10D9DC0078EFFFB85FFFD03FFFE01FFFC01FFFC015
:10D9EC003FFFE01FFFD00FFFB80000780000780069
:10D9FC0000780000780000780000780000780000C3
:10DA0C00780000780000780000780000780000783A
:10DA1C00000078000038000008000000000008003A
:10DA2C0000380000780000780000780000780000D2
:10DA3C00780000780000780000780000780000780A
:10DA4C0000007800007800007800007800003800B2
:10DA5C0000100000000000001FFFC03FFFE05FFF50
:10DA6C00D0EFFFB8F00078F00078F00078F0007894
:10DA7C00F00078F00078F00078F00078F00078F0A2
:10DA8C000078F00078F00078F00078F00078EFFF84
:10DA9C00B89FFFC87FFFF09FFFC8EFFFB8F000787A
:10DAAC00F00078F00078F00078F00078F00078F072
:10DABC000078F00078F00078F00078F00078F00052
:10DACC0078F00078F00078EFFFB85FFFD03FFFE010
:10DADC001FFFC01FFFC03FFFE05FFFD0EFFFB8F09C
:10DAEC000078F00078F00078F00078F00078F00022
:10DAFC0078F00078F00078F00078F00078F000789A
:10DB0C00F00078F00078F00078EFFFB89FFFC87F46
:10DB1C00FFF01FFFC80FFFB800007800007800006E
:10DB2C007800007800007800007800007800007819
:10DB3C000000780000780000780000780000780081
:10DB4C0000780FFFB81FFFD03FFFE01FFFC00000A1
:10DB5C00081020A0000000000000000000000000E1
:10DB6C000000000000000010101010101010100029
:10DB7C001000000000000028282800000000000011
:10DB8C0000000000000000121224FF2424FF48486B
:10DB9C00480000000000003C529090701C1212943F
:10DBAC0078100000000000629494986816192929D6
:10DBBC00460000000000003844444830508A8486F7
:10DBCC0079000000000000101010000000000000A0
:10DBDC000000000000000008101020202020202051
:10DBEC002010100800000020101008080808080871
:10DBFC0008101020000000107C102800000000000D
:10DC0C00000000000000000000101010FE101010AA
:10DC1C0000000000000000000000000000000000F8
:10DC2C00101010000000000000000000003C00007C
:10DC3C0000000000000000000000000000000000D8
:10DC4C001000000000000004040808081010102048
:10DC5C00200000000000003C42424242424242424C
:10DC6C003C000000000000081828080808080808F4
:10DC7C00080000000000003C424202020408102090
:10DC8C007E0000000000003C4242021C02024242A4
:10DC9C003C000000000000040C14142424447E04F6
:10DCAC00040000000000003E20407C42020242447E
:10DCBC003C0000000000001C2240405C62424242DA
:10DCCC003C0000000000007E02040408080810104C
:10DCDC00100000000000003C4242423C42424242E2
:10DCEC003C0000000000003C424242463A02024422
:10DCFC0038000000000000000008000000000000D8
:10DD0C0008000000000000000010000000000000EF
:10DD1C00101010000000000000020C3040300C020B
:10DD2C00000000000000000000007E00007E0000EB
:10DD3C0000000000000000000040300C020C3040DD
:10DD4C00000000000000003C4242020408101000D9
:10DD5C00100000000000003E418195ADA5A5A5ADC9
:10DD6C009680413E0000001028282844447C828282
:10DD7C0082000000000000FC828282FC828282828F
:10DD8C00FC0000000000003C4280808080808042CB
:10DD9C003C000000000000F884828282828282842F
:10DDAC00F8000000000000FE808080FE80808080F3
:10DDBC00FE000000000000FE808080FC80808080DF
:10DDCC008000000000000038448280808E828244F3
:10DDDC003800000000000082828282FE82828282F1
:10DDEC008200000000000010101010101010101015
:10DDFC001000000000000004040404040404444463
:10DE0C00380000000000008282848890A8C48482BC
:10DE1C0082000000000000808080808080808080F4
:10DE2C00FE00000000000082C6C6AAAA929282825E
:10DE3C008200000000000082C2A2A292928A8A860E
:10DE4C008200000000000038448282828282824478
:10DE5C0038000000000000FC82828282FC808080FE
:10DE6C008000000000000038448282828282944C40
:10DE7C0036000000000000FC82828282FC908884C4
:10DE8C00820000000000007C828280700E02828280
:10DE9C007C000000000000FE10101010101010107C
:10DEAC001000000000000082828282828282824402
:10DEBC00380000000000008282828244442828102E
:10DECC00100000000000008292929292AAAAAA442A
:10DEDC004400000000000042424224181824424230
:10DEEC0042000000000000828244442810101010F0
:10DEFC0010000000000000FE040408081020204060
:10DF0C00FE0000000000001810101010101010106F
:10DF1C001010101800000020201010100808080421
:10DF2C000400000000000018080808080808080889
:10DF3C0008080818000000102828284400000000D9
:10DF4C0000000000000000000000000000000000C5
:10DF5C000000FF000000001008000000000000009E
:10DF6C000000000000000000003C42021E2242465D
:10DF7C003A00000000000040405C624242424262B3
:10DF8C005C00000000000000003844404040404469
:10DF9C003800000000000002023A4642424242466B
:10DFAC003A00000000000000003C42427E4040422B
:10DFBC003C000000000000000C103C101010101071
:10DFCC001010000000000000003A46424242424657
:10DFDC003A02423C00000040405C624242424242F3
:10DFEC004200000000000010001010101010101063
:10DFFC0010000000000000080008080808080808C5
:10E00C00080808300000004040424448506844442E
:10E01C004200000000000010101010101010101022
:10E02C00100000000000000000ACDA929292929274
:10E03C009200000000000000005C6242424242423A
:10E04C004200000000000000003C424242424242BA
:10E05C003C00000000000000005C62424242426250
:10E06C005C40404000000000003A464242424246BA
:10E07C003A0202020000000000586040404040405C
:10E08C004000000000000000003844403804044404
:10E09C003800000000000010103C10101010101080
:10E0AC001C00000000000000004242424242424676
:10E0BC003A0000000000000000828244442828102E
:10E0CC001000000000000000009292AAAAAAAA4424
:10E0DC0044000000000000000042242418182424EE
:10E0EC0042000000000000000082824444282828DE
:10E0FC001010106000000000007E040808101020B2
:10E10C007E000000000000081010101010201010ED
:10E11C00101010080000001010101010101010102B
:10E12C00101010100000002010101010100810100B
:10E13C001010102000000000000000729E00000073
:10E14C0000000000000000102828284444FE8282B1
:10E15C0082000000000000FC808080FC82828282B1
:10E16C00FC000000000000FC828282FC8282828221
:10E17C00FC0000000000007E404040404040404019
:10E18C00400000000000003C2424242424244444A7
:10E19C00FE828200000000FE808080FE80808080F5
:10E1AC00FE00000000000092929254385492929219
:10E1BC00920000000000003C4202041804020242DB
:10E1CC003C00000000000082868A8A9292A2A2C2C1
:10E1DC008200000028380082868A8A9292A2A2C20B
:10E1EC008200000000000086888890E09088888477
:10E1FC00820000000000003E222222222222222243
:10E20C00C200000000000082C6C6AAAA92928282B6
:10E21C008200000000000082828282FE8282828262
:10E22C008200000000000038448282828282824494
:10E23C0038000000000000FE82828282828282828C
:10E24C0082000000000000FC82828282FC808080C0
:10E25C00800000000000003C428080808080804272
:10E26C003C000000000000FE1010101010101010E8
:10E27C001000000000000082824444282810101076
:10E28C0060000000000000103854929292925438B2
:10E29C0010000000000000424242241818244242A0
:10E2AC00420000000000008484848484848484847C
:10E2BC00FE02020200000042424242423E020202C0
:10E2CC00020000000000009292929292929292921E
:10E2DC00FE00000000000092929292929292929212
:10E2EC00FF010101000000C04040407C424242421C
:10E2FC007C00000000000082828282F28A8A8A8A74
:10E30C00F200000000000080808080FC828282820B
:10E31C00FC000000000000788402023E020202842D
:10E32C00780000000000008894A2A2A2E2A2A294AD
:10E33C00880000000000007E828282827E122242CF
:10E34C008200000000000000003C42021E224246F7
:10E35C003A0000000000003E405C624242424242F1
:10E36C003C00000000000000007844447844444421
:10E37C007800000000000000003C2020202020201D
:10E38C002000000000000000003C2424242444440D
:10E39C00FE82820000000000003C42427E4040426F
:10E3AC003C000000000000000092925438549292FD
:10E3BC0092000000000000000038440418040444DB
:10E3CC003800000000000000004246464A525262EB
:10E3DC004200000000002418004246464A52526295
:10E3EC0042000000000000000044485060504848C3
:10E3FC004400000000000000003E222222222222C3
:10E40C00C20000000000000000C6C6C6AAAA929274
:10E41C009200000000000000004242427E42424254
:10E42C004200000000000000003C424242424242D6
:10E43C003C00000000000000007E4242424242428A
:10E44C004200000000000000005C62424242426256
:10E45C005C404040000000000038444040404044D4
:10E46C00380000000000000000FE1010101010100A
:10E47C00100000000000000000828244442828287C
:10E48C001010106000000010107C929292929292E8
:10E49C007C101010000000000042242418182424C2
:10E4AC004200000000000000008484848484848482
:10E4BC00FE0202020000000000424242221E020242
:10E4CC000200000000000000009292929292929240
:10E4DC00FE00000000000000009292929292929234
:10E4EC00FF0101010000000000E020203C2222225C
:10E4FC003C0000000000000000828282F28A8A8ABE
:10E50C00F200000000000000004040407C4242420B
:10E51C007C00000000000000003844041C0444444B
:10E52C003800000000000000009CA2A2E2A2A2A2FF
:10E53C009C00000000000000003E4242423E22428D
:10E54C004200000000000000003844407040444489
:10E55C0038000000000000280010101010101010DF
:10E56C00100000000000003C428080F88080804257
:10E57C003C0000000028001010101010101010109B
:10E58C0010000000002800FE808080FE80808080CB
:10E59C00FE00000000000014003C42427E4040425D
:10E5AC003C000000E67F89798873DB6D7E686B63C5
:10E5BC009F5E165ACB55BA51E04D3B4AC646804336
:10E5CC006540733DA83A02387D351A33D530AD2EEF
:10E5DC00A02CAD2AD32810276325CB234622D42088
:10E5EC00741F231EE31CB21B901A7A19721875172C
:10E5FC0085169F15C314F11329136A12B311041154
:10E60C005D10BD0F240F910E050E000000002700B9
:10E61C004F0077009E00C600EE0015013D0165011C
:10E62C008D01B501DD0105022D0255027D02A50209
:10E63C00CE02F6021E0346036F039703C003E803E2
:10E64C001104390462048B04B304DC0405052E05A3
:10E65C0056057F05A805D105FA0523064C06750657
:10E66C009E06C706F006190742076B079507BE07FB
:10E67C00E70710083A0863088C08B608DF08080991
:10E68C0032095B098409AE09D709010A2A0A540A1E
:10E69C007D0AA70AD00AFA0A230B4D0B760BA00BA6
:10E6AC00C90BF30B1C0C460C700C990CC30CEC0C2A
:10E6BC00160D3F0D690D920DBC0DE50D0F0E380EAC
:10E6CC00620E8B0EB50EDE0E080F310F5B0F840F32
:10E6DC00AD0FD70F00102A1053107C10A610CF10BE
:10E6EC00F81021114B1174119D11C611EF11191253
:10E6FC0042126B129412BD12E6120F1338136113EF
:10E70C008A13B313DC1304142D1456147F14A81499
:10E71C00D014F91422154A1573159C15C415ED1552
:10E72C0015163E1667168F16B716E0160817311712
:10E73C0059178117AA17D217FA1723184B187318E1
:10E74C009B18C318EC1814193C1964198C19B419BA
:10E75C00DC19041A2D1A551A7D1AA51ACD1AF51A98
:10E76C001D1B451B6D1B941BBC1BE41B0C1C341C80
:10E77C005C1C841CAC1CD41CFC1C241D4C1D741D6A
:10E78C009B1DC31DEB1D131E3B1E631E8B1EB31E58
:10E79C00DB1E031F2B1F531F7B1FA31FCA1FF21F40
:10E7AC001A2042206A209220BA20E2200A2133212A
:10E7BC005B218321AB21D321FB2123224B2273220A
:10E7CC009C22C422EC2214233C2365238D23B523E5
:10E7DC00DD2306242E2456247F24A724CF24F824BA
:10E7EC002025492571259A25C225EB2513263C2683
:10E7FC0064268D26B526DE2607272F275827812746
:10E80C00A927D227FB2724284C2875289E28C728FF
:10E81C00F028182941296A299329BC29E5290E2AAF
:10E82C00372A602A892AB22ADB2A042B2D2B562B55
:10E83C007F2BA82BD12BFB2B242C4D2C762C9F2CF7
:10E84C00C92CF22C1B2D442D6E2D972DC02DE92D8E
:10E85C00132E3C2E652E8F2EB82EE12E0B2F342F1F
:10E86C005E2F872FB12FDA2F03302D3056308030AA
:10E87C00A930D330FC30263150317931A331CC3131
:10E88C00F6311F32493273329C32C632F0321933B0
:10E89C0043336D339633C033EA3313343D3467342A
:10E8AC009134BA34E4340E35383561358B35B535A1
:10E8BC00DF35093632365C368636B036DA36043712
:10E8CC002E3757378137AB37D537FF372938533881
:10E8DC007D38A738D138FB3825394F397939A339E8
:10E8EC00CD39F739213A4B3A753A9F3AC93AF33A4E
:10E8FC001D3B473B713B9B3BC53BEF3B193C433CB2
:10E90C006D3C973CC23CEC3C163D403D6A3D943D11
:10E91C00BE3DE93D133E3D3E673E913EBB3EE63E6D
:10E92C00103F3A3F643F8E3FB93FE33F0D403740C5
:10E93C0062408C40B640E0400B4135415F418A411A
:10E94C00B441DE41084233425D428742B242DC426E
:10E95C00064331435B438543B043DA4305442F44BC
:10E96C0059448444AE44D84403452D45584582450A
:10E97C00AD45D74501462C4656468146AB46D64654
:10E98C0000472A4755477F47AA47D447FF4729489E
:10E99C0054487E48A948D348FE48284953497D49E4
:10E9AC00A849D249FD49274A524A7C4AA74AD24A29
:10E9BC00FC4A274B514B7C4BA64BD14BFB4B264C6B
:10E9CC00514C7B4CA64CD04CFB4C264D504D7B4DAA
:10E9DC00A54DD04DFA4D254E504E7A4EA54ECF4EEC
:10E9EC00FA4E254F4F4F7A4FA54FCF4FFA4F245029
:10E9FC004F507A50A450CF50FA5024514F51795166
:10EA0C00A451CF51F95124524F527952A452CF52A2
:10EA1C00F95224534E537953A453CE53F9532454DF
:10EA2C004E547954A454CE54F95424554E5579551A
:10EA3C00A455CE55F95524564E567956A356CE5656
:10EA4C00F95623574E577957A357CE57F957235892
:10EA5C004E587958A358CE58F858000000000000C2
:10EA6C000102030400000000000000000102030486
:10EA7C0006070809232D302B2000686C4C006566B6
:10EA8C0067454647003031323334353637383941F3
:10EA9C004243444546003031323334353637383909
:08EAAC0061626364656600000D
:08EAB4002C17FF7F0100000098
:04EABC00C501000888
:04EAC000A1010008A8
:10EAC400010102030200000033335340B56900081A
:10EAD40091690008956900089D6900089969000812
:10EAE4001A03000000000000000000000000000005
:10EAF40000000000000000000000000004030904FE
:10EB04001201000202020040830440570002010285
:10EB140003010000D9690008E5690008F1690008EB
:10EB2400096A0008516A0008216A0008396A000865
:10EB34000024F4000100000010000000090243005A
:10EB4400020100C032090400000102020100052490
:10EB5400001001052401000104240202052406001A
:10EB6400010705820308001009040100020A0000DD
:10EB74000007050102400000070581024000000073
:10EB84006DBE00080DBE00080DBD000800000000A9
:10EB940099BB0008A5BC00086DBC0008000000007B
:10EBA400000000000000000025BC0008DDBB0008D8
:10EBB40045BF0008D1BB00080A060002000000405F
:10EBC40001000000080100200000000018190020C6
:10EBD40080190020E8190020000000000000000057
:10EBE4000000000000000000000000000000000021
:10EBF4000000000000000000000000000000000011
:10EC04000000000000000000000000000000000000
:04EC140000000000FC
:04000005080068C9BE
:00000001FF
